State/UT,District,Population,Male,Female,Literate,Literate_Male,Literate_Female,Households_Rural,Urban_Households,Households,Young_and_Adult,Middle_Aged,Senior_Citizen,Age_Not_Stated
JAMMU AND KASHMIR,Kupwara,870354.0,474190.0,396164.0,0,282823.0,156831.0,158438.0,,0,600759.0,178435.0,89679.0,1481.0
JAMMU AND KASHMIR,Badgam,753745.0,,355704.0,0,207741.0,127908.0,160649.0,27190.0,0,503223.0,160933.0,88978.0,611.0
JAMMU AND KASHMIR,Leh(Ladakh),133487.0,78971.0,54516.0,0,62834.0,30936.0,36920.0,17474.0,0,70703.0,41515.0,,250.0
JAMMU AND KASHMIR,Kargil,140802.0,,63017.0,0,56301.0,29935.0,40370.0,7774.0,0,87532.0,35561.0,17488.0,221.0
JAMMU AND KASHMIR,Punch,476835.0,251899.0,224936.0,0,163333.0,98391.0,132139.0,15269.0,0,304979.0,109818.0,61334.0,704.0
JAMMU AND KASHMIR,Rajouri,642415.0,345351.0,297064.0,0,224469.0,139640.0,196070.0,17508.0,0,404903.0,153165.0,83319.0,1028.0
JAMMU AND KASHMIR,Kathua,616435.0,326109.0,290326.0,0,228499.0,160705.0,181374.0,33473.0,0,357864.0,160123.0,97684.0,764.0
JAMMU AND KASHMIR,Baramula,1008039.0,534733.0,473306.0,0,337170.0,207979.0,210543.0,48932.0,0,636524.0,239659.0,130513.0,1343.0
JAMMU AND KASHMIR,Bandipore,392232.0,207680.0,184552.0,0,117058.0,68921.0,80521.0,17555.0,0,252378.0,,48802.0,587.0
JAMMU AND KASHMIR,Srinagar,1236829.0,651124.0,585705.0,0,431746.0,316838.0,4518.0,257721.0,0,693238.0,351561.0,190330.0,
JAMMU AND KASHMIR,Ganderbal,297446.0,158720.0,138726.0,0,,52695.0,63788.0,13558.0,0,194165.0,66945.0,35911.0,425.0
JAMMU AND KASHMIR,Pulwama,560440.0,293064.0,267376.0,0,178326.0,115632.0,147520.0,21703.0,0,342601.0,,,696.0
JAMMU AND KASHMIR,Shupiyan,266215.0,136480.0,129735.0,0,80355.0,56145.0,75616.0,5272.0,0,170086.0,60752.0,35158.0,219.0
JAMMU AND KASHMIR,Anantnag,1078692.0,559767.0,518925.0,0,324417.0,221115.0,207067.0,70666.0,0,704145.0,239988.0,133519.0,1040.0
JAMMU AND KASHMIR,Kulgam,424483.0,,206863.0,0,125052.0,84033.0,95952.0,25178.0,0,266858.0,99870.0,57253.0,502.0
JAMMU AND KASHMIR,Doda,409936.0,213641.0,196295.0,0,138620.0,80463.0,122267.0,11350.0,0,263576.0,93189.0,52744.0,427.0
JAMMU AND KASHMIR,Ramban,283713.0,,134581.0,0,82938.0,41127.0,84281.0,,0,188526.0,61604.0,,363.0
JAMMU AND KASHMIR,Kishtwar,230696.0,120165.0,,0,68700.0,38806.0,72378.0,5993.0,0,,53415.0,31084.0,266.0
JAMMU AND KASHMIR,Udhampur,554985.0,296784.0,258201.0,0,197543.0,124811.0,148664.0,34696.0,0,339145.0,140785.0,74757.0,298.0
JAMMU AND KASHMIR,Reasi,314667.0,166461.0,148206.0,0,93937.0,56605.0,95572.0,12261.0,0,,70767.0,39743.0,190.0
JAMMU AND KASHMIR,Jammu,1529958.0,813821.0,716137.0,0,641916.0,495219.0,254566.0,248043.0,0,816827.0,435895.0,275585.0,1651.0
JAMMU AND KASHMIR,Samba,318898.0,169124.0,149774.0,0,130312.0,97827.0,94247.0,19989.0,0,177277.0,88246.0,53022.0,353.0
HIMACHAL PRADESH,Chamba,519080.0,261320.0,257760.0,0,186064.0,137778.0,186395.0,13836.0,0,306555.0,130606.0,81566.0,353.0
HIMACHAL PRADESH,Kangra,1510075.0,750591.0,759484.0,0,606443.0,546197.0,588321.0,39007.0,0,766581.0,419172.0,319420.0,4902.0
HIMACHAL PRADESH,Lahul AND Spiti,31564.0,16588.0,14976.0,0,12897.0,8948.0,17434.0,0.0,0,15928.0,,6200.0,255.0
HIMACHAL PRADESH,Kullu,437903.0,225452.0,212451.0,0,174550.0,133122.0,167995.0,20709.0,0,244727.0,120510.0,72282.0,384.0
HIMACHAL PRADESH,Mandi,999777.0,498065.0,501712.0,0,393669.0,330078.0,431129.0,31696.0,0,524285.0,279321.0,194661.0,1510.0
HIMACHAL PRADESH,Hamirpur,454768.0,217070.0,237698.0,0,180555.0,177536.0,196116.0,15232.0,0,224044.0,123941.0,106641.0,142.0
HIMACHAL PRADESH,Una,521173.0,263692.0,257481.0,0,213281.0,186434.0,185091.0,20126.0,0,273223.0,142351.0,105358.0,241.0
HIMACHAL PRADESH,Bilaspur,381956.0,192764.0,189192.0,0,155599.0,132021.0,152458.0,11987.0,0,193671.0,107367.0,80497.0,421.0
HIMACHAL PRADESH,Solan,580320.0,308754.0,271566.0,0,244372.0,,192787.0,,0,321533.0,,90808.0,811.0
HIMACHAL PRADESH,Sirmaur,529855.0,276289.0,253566.0,0,205617.0,157028.0,171102.0,21054.0,0,,,82471.0,301.0
HIMACHAL PRADESH,Shimla,814010.0,425039.0,388971.0,0,342846.0,269796.0,279269.0,95896.0,0,425721.0,241956.0,145577.0,756.0
HIMACHAL PRADESH,Kinnaur,84121.0,46249.0,37872.0,0,36697.0,24002.0,44514.0,0.0,0,42360.0,26599.0,15075.0,87.0
PUNJAB,Gurdaspur,2298323.0,,1085706.0,0,907660.0,727059.0,420860.0,185488.0,0,1261421.0,611353.0,423301.0,2248.0
PUNJAB,Kapurthala,815168.0,426311.0,388857.0,0,316254.0,260313.0,165433.0,95770.0,0,433331.0,222324.0,157833.0,1680.0
PUNJAB,Jalandhar,2193590.0,1145211.0,1048379.0,0,882581.0,739956.0,330339.0,377791.0,0,1159156.0,616431.0,416449.0,1554.0
PUNJAB,Hoshiarpur,1586625.0,809057.0,777568.0,0,637927.0,561772.0,422673.0,128592.0,0,831741.0,422782.0,,1431.0
PUNJAB,Shahid Bhagat Singh Nagar,612310.0,313291.0,,0,239155.0,199304.0,183168.0,48383.0,0,318597.0,163305.0,128310.0,2098.0
PUNJAB,Fatehgarh Sahib,600163.0,320795.0,279368.0,0,238696.0,187337.0,117559.0,57337.0,0,321018.0,166781.0,111028.0,1336.0
PUNJAB,Ludhiana,3498739.0,1867816.0,1630923.0,0,1428348.0,1131877.0,395032.0,641789.0,0,1901528.0,980046.0,614258.0,2907.0
PUNJAB,Moga,995746.0,525920.0,469826.0,0,,279340.0,214295.0,74144.0,0,535408.0,258826.0,,6744.0
PUNJAB,Firozpur,2029074.0,1071637.0,957437.0,0,,520441.0,348522.0,153868.0,0,1171770.0,525459.0,331259.0,586.0
PUNJAB,Muktsar,901896.0,475622.0,426274.0,0,,224447.0,149507.0,74650.0,0,495167.0,242628.0,162297.0,1804.0
PUNJAB,Faridkot,617508.0,326671.0,290837.0,0,215767.0,165518.0,99946.0,58917.0,0,336540.0,164962.0,113721.0,2285.0
PUNJAB,Bathinda,1388525.0,743197.0,645328.0,0,488261.0,356607.0,218159.0,137563.0,0,754927.0,,255283.0,608.0
PUNJAB,Mansa,769751.0,408732.0,361019.0,0,244037.0,179523.0,145603.0,50786.0,0,420050.0,200882.0,146103.0,2716.0
PUNJAB,Patiala,1895686.0,1002522.0,893164.0,0,711052.0,555739.0,299279.0,218090.0,0,1042519.0,517079.0,335100.0,988.0
PUNJAB,Amritsar,2490656.0,1318408.0,1172248.0,0,932981.0,751789.0,275477.0,385476.0,0,,667193.0,436496.0,1980.0
PUNJAB,Tarn Taran,1119627.0,589369.0,530258.0,0,376427.0,289735.0,222717.0,44457.0,0,641875.0,283645.0,190898.0,3209.0
PUNJAB,Rupnagar,684627.0,357485.0,327142.0,0,278534.0,224197.0,148162.0,60537.0,0,365300.0,,131707.0,2196.0
PUNJAB,Sahibzada Ajit Singh Nagar,994628.0,529253.0,465375.0,0,409944.0,326631.0,117293.0,174042.0,0,540872.0,281462.0,171656.0,638.0
PUNJAB,Sangrur,1655169.0,878029.0,777140.0,0,570413.0,431664.0,292156.0,156788.0,0,904316.0,435148.0,,4084.0
PUNJAB,Barnala,595527.0,317522.0,278005.0,0,201999.0,157832.0,102577.0,54222.0,0,322607.0,158413.0,114077.0,430.0
CHANDIGARH,Chandigarh,1055450.0,580663.0,474787.0,0,465346.0,340092.0,8911.0,289456.0,0,602411.0,303748.0,148945.0,346.0
UTTARAKHAND,Uttarkashi,330086.0,168597.0,161489.0,0,128237.0,86889.0,112148.0,9061.0,0,202426.0,75997.0,51245.0,418.0
UTTARAKHAND,Chamoli,391605.0,193991.0,197614.0,0,155395.0,125161.0,163434.0,22906.0,0,229715.0,93182.0,67873.0,835.0
UTTARAKHAND,Rudraprayag,242285.0,114589.0,127696.0,0,,79130.0,112705.0,4454.0,0,141848.0,54979.0,44986.0,472.0
UTTARAKHAND,Tehri Garhwal,618931.0,297986.0,320945.0,0,227406.0,180588.0,227059.0,27177.0,0,368324.0,139371.0,109998.0,1238.0
UTTARAKHAND,Dehradun,1696694.0,892199.0,804495.0,0,,557290.0,228245.0,269393.0,0,968517.0,446046.0,276280.0,5851.0
UTTARAKHAND,Garhwal,687271.0,326829.0,360442.0,0,262148.0,232741.0,279682.0,36780.0,0,380765.0,160183.0,145445.0,878.0
UTTARAKHAND,Pithoragarh,483439.0,239306.0,244133.0,0,189623.0,155927.0,183687.0,26256.0,0,273494.0,116749.0,92517.0,679.0
UTTARAKHAND,Bageshwar,259898.0,124326.0,135572.0,0,97546.0,81937.0,96031.0,3880.0,0,147488.0,60569.0,51672.0,169.0
UTTARAKHAND,Almora,622506.0,291081.0,331425.0,0,231604.0,204893.0,260056.0,21082.0,0,351595.0,141238.0,128994.0,679.0
UTTARAKHAND,Champawat,259648.0,131125.0,128523.0,0,102015.0,75711.0,85202.0,12839.0,0,156916.0,60722.0,41913.0,97.0
UTTARAKHAND,Nainital,954605.0,493666.0,460939.0,0,385779.0,310721.0,193086.0,105577.0,0,562548.0,243095.0,147053.0,1909.0
UTTARAKHAND,Udham Singh Nagar,1648902.0,858783.0,790119.0,0,598525.0,439314.0,269406.0,145253.0,0,1042614.0,392370.0,212223.0,1695.0
UTTARAKHAND,Hardwar,1890422.0,1005295.0,885127.0,0,691411.0,486943.0,301828.0,186183.0,0,1207120.0,435385.0,246229.0,1688.0
HARYANA,Panchkula,561293.0,299679.0,261614.0,0,229862.0,175456.0,70895.0,93656.0,0,309078.0,157076.0,93606.0,1533.0
HARYANA,Ambala,1128350.0,598703.0,,0,461288.0,356737.0,175365.0,139891.0,0,617859.0,308126.0,201685.0,680.0
HARYANA,Yamunanagar,1214205.0,646718.0,567487.0,0,474793.0,357664.0,214464.0,143259.0,0,,317708.0,,298.0
HARYANA,Kurukshetra,964655.0,510976.0,453679.0,0,370828.0,276065.0,203553.0,88268.0,0,552034.0,250830.0,160216.0,1575.0
HARYANA,Kaithal,1074304.0,571003.0,503301.0,0,385782.0,260747.0,231091.0,,0,630194.0,265813.0,176320.0,1977.0
HARYANA,Karnal,1505324.0,797712.0,707612.0,0,564516.0,413497.0,292682.0,135920.0,0,884972.0,380409.0,234684.0,5259.0
HARYANA,Panipat,1205437.0,646857.0,558580.0,0,464136.0,322463.0,173502.0,153804.0,0,739075.0,298764.0,167244.0,354.0
HARYANA,Sonipat,1450001.0,781299.0,668702.0,0,589881.0,408435.0,,133576.0,0,855201.0,360216.0,233318.0,1266.0
HARYANA,Jind,1334152.0,713006.0,621146.0,0,502049.0,330709.0,278335.0,89665.0,0,784085.0,335704.0,213478.0,885.0
HARYANA,Fatehabad,942011.0,495360.0,446651.0,0,327471.0,230107.0,203020.0,55360.0,0,555745.0,237009.0,147469.0,
HARYANA,Sirsa,1295189.0,682582.0,612607.0,0,456968.0,325929.0,245476.0,93316.0,0,750228.0,334344.0,208185.0,2432.0
HARYANA,Hisar,1743931.0,931562.0,812369.0,0,670200.0,444111.0,,154113.0,0,1017830.0,456536.0,265109.0,4456.0
HARYANA,Bhiwani,1634445.0,866672.0,767773.0,0,643158.0,426713.0,357047.0,99235.0,0,964960.0,405760.0,261428.0,2297.0
HARYANA,Rohtak,1061204.0,568479.0,492725.0,0,436025.0,311557.0,,131739.0,0,605741.0,269354.0,185685.0,424.0
HARYANA,Jhajjar,958405.0,514667.0,443738.0,0,399480.0,276611.0,211816.0,78328.0,0,549975.0,245095.0,162356.0,979.0
HARYANA,Mahendragarh,922088.0,486665.0,435423.0,0,,249815.0,223726.0,44216.0,0,530000.0,229392.0,161258.0,1438.0
HARYANA,Rewari,900332.0,474335.0,425997.0,0,,261494.0,199449.0,69305.0,0,518747.0,230704.0,150557.0,324.0
HARYANA,Gurgaon,1514432.0,816690.0,697742.0,0,638666.0,472450.0,141703.0,381988.0,0,875531.0,,210307.0,493.0
HARYANA,Mewat,1089263.0,571162.0,518101.0,0,308435.0,146462.0,187398.0,36237.0,0,790930.0,186916.0,110688.0,729.0
HARYANA,Faridabad,1809733.0,966110.0,843623.0,0,734940.0,537799.0,87700.0,382981.0,0,1095602.0,481318.0,231029.0,1784.0
HARYANA,Palwal,1042708.0,554497.0,488211.0,0,379696.0,220100.0,186069.0,63090.0,0,684189.0,224043.0,133913.0,563.0
DELHI,North West,3656539.0,1960922.0,1695617.0,0,1541952.0,,67592.0,959275.0,0,2138591.0,1013424.0,503055.0,1469.0
DELHI,North,887978.0,475002.0,412976.0,0,381615.0,299902.0,4512.0,296559.0,0,506601.0,256501.0,124513.0,363.0
DELHI,North East,2241624.0,1188425.0,1053199.0,0,912481.0,699107.0,5326.0,482255.0,0,,581016.0,264663.0,2867.0
DELHI,East,1709346.0,,801846.0,0,748382.0,604616.0,1086.0,461132.0,0,948963.0,497157.0,262124.0,1102.0
DELHI,New Delhi,142004.0,77942.0,64062.0,0,65678.0,,0.0,52664.0,0,76076.0,43913.0,21773.0,242.0
DELHI,Central,582320.0,307821.0,274499.0,0,240518.0,201842.0,0.0,194897.0,0,317650.0,169533.0,94448.0,689.0
DELHI,West,2543243.0,1356240.0,1187003.0,0,1093933.0,867246.0,1809.0,699703.0,0,1399165.0,732515.0,408953.0,2610.0
DELHI,South West,2292958.0,1246046.0,1046912.0,0,1025261.0,762428.0,41179.0,606503.0,0,1296955.0,683209.0,308675.0,4119.0
DELHI,South,2731929.0,1467428.0,1264501.0,0,1185036.0,893366.0,2918.0,728145.0,0,1588001.0,785085.0,355602.0,3241.0
RAJASTHAN,Ganganagar,1969168.0,1043340.0,925828.0,0,710908.0,482435.0,397697.0,164897.0,0,1167889.0,502211.0,,15584.0
RAJASTHAN,Hanumangarh,1774692.0,931184.0,843508.0,0,624281.0,,389059.0,108694.0,0,1058044.0,453114.0,242361.0,21173.0
RAJASTHAN,Bikaner,2363937.0,1240801.0,1123136.0,0,782399.0,496402.0,335754.0,196179.0,0,1543867.0,517271.0,288165.0,14634.0
RAJASTHAN,Churu,2039547.0,1051446.0,988101.0,0,696729.0,452540.0,344897.0,148996.0,0,1293193.0,458725.0,272176.0,15453.0
RAJASTHAN,Jhunjhunun,2137045.0,1095896.0,1041149.0,0,815834.0,554526.0,500452.0,,0,1298780.0,494124.0,330126.0,14015.0
RAJASTHAN,Alwar,3674179.0,1939026.0,1735153.0,0,1359829.0,822647.0,782294.0,212967.0,0,2346721.0,,490137.0,1321.0
RAJASTHAN,Bharatpur,2548462.0,1355726.0,1192736.0,0,943910.0,536959.0,,129697.0,0,1659515.0,546362.0,329127.0,13458.0
RAJASTHAN,Dhaulpur,1206516.0,653647.0,552869.0,0,435721.0,247377.0,214670.0,58626.0,0,815651.0,248416.0,141365.0,1084.0
RAJASTHAN,Karauli,1458248.0,783639.0,674609.0,0,531904.0,273945.0,305047.0,59308.0,0,947173.0,310688.0,192042.0,8345.0
RAJASTHAN,Sawai Madhopur,1335551.0,704031.0,631520.0,0,486184.0,255564.0,282057.0,71264.0,0,841697.0,309237.0,,1383.0
RAJASTHAN,Dausa,1634409.0,857787.0,776622.0,0,596935.0,341116.0,361084.0,59610.0,0,1047136.0,358718.0,210117.0,18438.0
RAJASTHAN,Jaipur,6626178.0,3468507.0,,0,2554793.0,1746172.0,754841.0,977838.0,0,4091148.0,1646480.0,,4493.0
RAJASTHAN,Sikar,2677333.0,1374990.0,1302343.0,0,995275.0,656842.0,527560.0,178274.0,0,1672813.0,605002.0,381226.0,18292.0
RAJASTHAN,Nagaur,3307743.0,,1611418.0,0,,655874.0,675712.0,166489.0,0,2088323.0,754143.0,463469.0,1808.0
RAJASTHAN,Jodhpur,3687165.0,1923928.0,1763237.0,0,1265753.0,765779.0,584215.0,,0,2359786.0,836322.0,489280.0,1777.0
RAJASTHAN,Jaisalmer,669919.0,361708.0,308211.0,0,210415.0,98238.0,159117.0,30830.0,0,448969.0,140294.0,79977.0,679.0
RAJASTHAN,Barmer,2603751.0,1369022.0,1234729.0,0,783461.0,404861.0,542825.0,55980.0,0,1731122.0,527629.0,326476.0,18524.0
RAJASTHAN,Jalor,1828730.0,936634.0,892096.0,0,543923.0,285659.0,419216.0,48202.0,0,1176496.0,390598.0,249379.0,12257.0
RAJASTHAN,Sirohi,1036346.0,534231.0,502115.0,0,309900.0,166906.0,238535.0,69639.0,0,649290.0,244401.0,142251.0,
RAJASTHAN,Pali,2037573.0,1025422.0,1012151.0,0,667381.0,418312.0,512909.0,139808.0,0,1207983.0,467436.0,343384.0,18770.0
RAJASTHAN,Ajmer,2583052.0,1324085.0,1258967.0,0,926268.0,600405.0,409335.0,274919.0,0,1561077.0,629951.0,388040.0,3984.0
RAJASTHAN,Tonk,1421326.0,728136.0,,0,478329.0,,298911.0,81755.0,0,880194.0,334006.0,205593.0,1533.0
RAJASTHAN,Bundi,1110906.0,577160.0,533746.0,0,371705.0,213339.0,239836.0,63452.0,0,686771.0,267648.0,155958.0,529.0
RAJASTHAN,Bhilwara,2408523.0,1220736.0,1187787.0,0,777582.0,478544.0,530015.0,145865.0,0,1439454.0,589476.0,365023.0,14570.0
RAJASTHAN,Rajsamand,1156597.0,581339.0,575258.0,0,383334.0,235805.0,304622.0,61054.0,0,687165.0,275099.0,193668.0,665.0
RAJASTHAN,Dungarpur,1388552.0,696532.0,692020.0,0,415820.0,265771.0,322816.0,31547.0,0,868458.0,317700.0,191917.0,10477.0
RAJASTHAN,Banswara,1797485.0,907754.0,889731.0,0,513854.0,315489.0,390437.0,39407.0,0,1153029.0,406214.0,216554.0,21688.0
RAJASTHAN,Chittaurgarh,1544338.0,783171.0,761167.0,0,514851.0,,366780.0,88873.0,0,880043.0,398303.0,258997.0,6995.0
RAJASTHAN,Kota,1951014.0,1021161.0,929853.0,0,765396.0,532949.0,203454.0,311735.0,0,1177474.0,495896.0,275396.0,
RAJASTHAN,Baran,1222755.0,633945.0,588810.0,0,432607.0,260700.0,249184.0,69804.0,0,762204.0,286344.0,173100.0,1107.0
RAJASTHAN,Jhalawar,1411129.0,725143.0,,0,466815.0,272977.0,298624.0,63763.0,0,850546.0,346110.0,213674.0,799.0
RAJASTHAN,Udaipur,3068420.0,1566801.0,1501619.0,0,973444.0,609185.0,665449.0,182769.0,0,1876436.0,739287.0,451034.0,1663.0
RAJASTHAN,Pratapgarh,867848.0,437744.0,430104.0,0,250122.0,151393.0,209813.0,24269.0,0,,204801.0,115608.0,1452.0
UTTAR PRADESH,Saharanpur,3466382.0,1834106.0,1632276.0,0,1220114.0,856994.0,605082.0,284156.0,0,,769736.0,433862.0,34095.0
UTTAR PRADESH,Muzaffarnagar,4143512.0,2193434.0,1950078.0,0,1448528.0,968811.0,673746.0,296104.0,0,2671757.0,911621.0,544283.0,15851.0
UTTAR PRADESH,Bijnor,3682713.0,1921215.0,1761498.0,0,1241471.0,893922.0,683875.0,224648.0,0,2404576.0,786305.0,450186.0,41646.0
UTTAR PRADESH,Moradabad,4772006.0,2503186.0,2268820.0,0,1357435.0,906413.0,,355518.0,0,3168270.0,988486.0,525574.0,89676.0
UTTAR PRADESH,Rampur,2335819.0,1223889.0,1111930.0,0,630408.0,413258.0,396775.0,143217.0,0,1576123.0,491164.0,258913.0,9619.0
UTTAR PRADESH,Jyotiba Phule Nagar,1840221.0,963449.0,876772.0,0,600541.0,382569.0,335888.0,115486.0,0,1227283.0,391275.0,215849.0,5814.0
UTTAR PRADESH,Meerut,3443689.0,1825743.0,1617946.0,0,1254520.0,886968.0,381520.0,422303.0,0,2165117.0,780475.0,451827.0,46270.0
UTTAR PRADESH,Baghpat,1303048.0,700070.0,602978.0,0,489858.0,308112.0,246055.0,69991.0,0,817140.0,283276.0,194548.0,
UTTAR PRADESH,Ghaziabad,4681645.0,2488834.0,2192811.0,0,1811397.0,1311867.0,355407.0,836316.0,0,2891069.0,1139871.0,559963.0,90742.0
UTTAR PRADESH,Gautam Buddha Nagar,1648115.0,890214.0,757901.0,0,666065.0,456882.0,170835.0,338935.0,0,1015648.0,402967.0,188862.0,40638.0
UTTAR PRADESH,Bulandshahr,3499171.0,1845260.0,1653911.0,0,1253314.0,778342.0,658449.0,221628.0,0,2246254.0,753949.0,472808.0,26160.0
UTTAR PRADESH,Aligarh,3673889.0,1951996.0,1721893.0,0,1283380.0,809187.0,582117.0,275942.0,0,2378289.0,787408.0,472667.0,35525.0
UTTAR PRADESH,Mahamaya Nagar,1564708.0,836127.0,728581.0,0,579157.0,363415.0,288150.0,84883.0,0,1011157.0,339137.0,210083.0,4331.0
UTTAR PRADESH,Mathura,2547184.0,1367125.0,1180059.0,0,943346.0,564400.0,407488.0,177802.0,0,1600686.0,535738.0,327854.0,82906.0
UTTAR PRADESH,Agra,4418797.0,2364953.0,2053844.0,0,1614594.0,1065916.0,496971.0,406852.0,0,2871903.0,991255.0,547873.0,7766.0
UTTAR PRADESH,Firozabad,2498156.0,1332046.0,1166110.0,0,912314.0,609492.0,349747.0,185621.0,0,1621154.0,543730.0,312689.0,20583.0
UTTAR PRADESH,Mainpuri,1868529.0,993377.0,875152.0,0,712110.0,491775.0,338475.0,72783.0,0,1193660.0,402321.0,265638.0,6910.0
UTTAR PRADESH,Budaun,3681896.0,,1714137.0,0,986501.0,560976.0,710956.0,156668.0,0,2436051.0,748408.0,424194.0,73243.0
UTTAR PRADESH,Bareilly,4448359.0,2357665.0,2090694.0,0,1342697.0,849062.0,631613.0,362798.0,0,2893965.0,952233.0,514141.0,88020.0
UTTAR PRADESH,Pilibhit,2031007.0,1072002.0,959005.0,0,654290.0,406805.0,371752.0,89638.0,0,1320476.0,449673.0,256276.0,4582.0
UTTAR PRADESH,Shahjahanpur,3006538.0,,1400135.0,0,915142.0,575788.0,,134714.0,0,1961237.0,652237.0,368743.0,24321.0
UTTAR PRADESH,Kheri,4021243.0,2123187.0,1898056.0,0,1237157.0,796887.0,754938.0,107672.0,0,2582597.0,896611.0,510832.0,31203.0
UTTAR PRADESH,Sitapur,4483992.0,2375264.0,2108728.0,0,1397702.0,886031.0,827583.0,111319.0,0,2862383.0,1000987.0,588318.0,32304.0
UTTAR PRADESH,Hardoi,4092845.0,2191442.0,1901403.0,0,1374587.0,847014.0,786613.0,121064.0,0,2598364.0,905306.0,559988.0,29187.0
UTTAR PRADESH,Unnao,3108367.0,1630087.0,1478280.0,0,1053063.0,720521.0,,121039.0,0,1893706.0,706851.0,453462.0,54348.0
UTTAR PRADESH,Lucknow,4589838.0,2394476.0,2195362.0,0,1742440.0,1384820.0,344155.0,717566.0,0,2678289.0,1161686.0,685258.0,64605.0
UTTAR PRADESH,Rae Bareli,3405559.0,1752542.0,1653017.0,0,1165965.0,799878.0,705025.0,73393.0,0,2116007.0,776583.0,506583.0,6386.0
UTTAR PRADESH,Farrukhabad,1885204.0,1006240.0,878964.0,0,654827.0,437850.0,316647.0,94843.0,0,1224584.0,411153.0,246795.0,2672.0
UTTAR PRADESH,Kannauj,1656616.0,881776.0,774840.0,0,603596.0,413491.0,299785.0,65985.0,0,1069916.0,361028.0,223535.0,2137.0
UTTAR PRADESH,Etawah,1581810.0,845856.0,735954.0,0,623583.0,438420.0,265643.0,85483.0,0,979633.0,362026.0,237786.0,2365.0
UTTAR PRADESH,Auraiya,1379545.0,740040.0,639505.0,0,546198.0,384638.0,255836.0,58438.0,0,856336.0,320763.0,202054.0,392.0
UTTAR PRADESH,Kanpur Dehat,1796184.0,963255.0,832929.0,0,692964.0,477279.0,363933.0,41323.0,0,1100820.0,415918.0,276272.0,3174.0
UTTAR PRADESH,Kanpur Nagar,4581268.0,2459806.0,2121462.0,0,1829179.0,1413843.0,364869.0,684906.0,0,2630411.0,1209554.0,731795.0,9508.0
UTTAR PRADESH,Jalaun,1689974.0,906092.0,783882.0,0,653430.0,421766.0,304856.0,91565.0,0,,410090.0,274954.0,2113.0
UTTAR PRADESH,Jhansi,1998603.0,1057436.0,,0,783705.0,520808.0,309592.0,195321.0,0,1171301.0,510728.0,308331.0,8243.0
UTTAR PRADESH,Lalitpur,1221592.0,,580581.0,0,397586.0,243605.0,258013.0,43819.0,0,793551.0,265080.0,159666.0,3295.0
UTTAR PRADESH,Hamirpur,1104285.0,593537.0,510748.0,0,408125.0,245174.0,,55300.0,0,660774.0,260368.0,181109.0,2034.0
UTTAR PRADESH,Mahoba,875958.0,466358.0,409600.0,0,302283.0,185823.0,198298.0,48525.0,0,527067.0,201394.0,137393.0,10104.0
UTTAR PRADESH,Banda,1799410.0,965876.0,833534.0,0,630626.0,372311.0,378056.0,67569.0,0,1120432.0,408527.0,265310.0,5141.0
UTTAR PRADESH,Chitrakoot,991730.0,527721.0,464009.0,0,,200733.0,207237.0,23558.0,0,,214228.0,136669.0,2787.0
UTTAR PRADESH,Fatehpur,2632733.0,1384722.0,1248011.0,0,911003.0,601163.0,558807.0,77733.0,0,1624830.0,603831.0,395547.0,8525.0
UTTAR PRADESH,Pratapgarh,3209141.0,,1603056.0,0,1121381.0,810178.0,711085.0,41701.0,0,2002569.0,703727.0,492097.0,10748.0
UTTAR PRADESH,Kaushambi,1599596.0,838485.0,,0,507279.0,306145.0,349856.0,30764.0,0,1034099.0,336401.0,210556.0,18540.0
UTTAR PRADESH,Allahabad,5954391.0,3131807.0,2822584.0,0,2199340.0,1466387.0,983266.0,265304.0,0,3764404.0,1335224.0,818137.0,
UTTAR PRADESH,Bara Banki,3260699.0,1707073.0,1553626.0,0,1010518.0,681940.0,635840.0,79068.0,0,2043335.0,709494.0,445269.0,62601.0
UTTAR PRADESH,Faizabad,2470996.0,1259628.0,1211368.0,0,838339.0,612562.0,510378.0,79288.0,0,1534832.0,543148.0,367332.0,25684.0
UTTAR PRADESH,Ambedkar Nagar,2397888.0,1212410.0,1185478.0,0,846676.0,640263.0,501559.0,65031.0,0,1499494.0,515229.0,367234.0,15931.0
UTTAR PRADESH,Sultanpur,3797117.0,1914586.0,1882531.0,0,1300248.0,939654.0,839737.0,49891.0,0,2376875.0,828222.0,580164.0,11856.0
UTTAR PRADESH,Bahraich,3487731.0,1843884.0,1643847.0,0,878285.0,520083.0,698520.0,61742.0,0,2275746.0,754346.0,446242.0,11397.0
UTTAR PRADESH,Shrawasti,1117361.0,593897.0,523464.0,0,276700.0,146613.0,248770.0,8504.0,0,723443.0,245098.0,143979.0,4841.0
UTTAR PRADESH,Balrampur,2148665.0,1114721.0,,0,,323414.0,410070.0,35768.0,0,1415213.0,442339.0,283947.0,
UTTAR PRADESH,Gonda,3433919.0,1787146.0,1646773.0,0,1034181.0,645813.0,673578.0,52794.0,0,2223078.0,734903.0,464584.0,11354.0
UTTAR PRADESH,Siddharthnagar,2559297.0,1295095.0,1264202.0,0,740718.0,488208.0,480165.0,33348.0,0,1690396.0,504002.0,359977.0,4922.0
UTTAR PRADESH,Basti,2464464.0,1255272.0,1209192.0,0,819719.0,574064.0,,31065.0,0,1574037.0,519265.0,363891.0,
UTTAR PRADESH,Sant Kabir Nagar,1715183.0,869656.0,845527.0,0,567098.0,387851.0,,27179.0,0,1108368.0,352395.0,250502.0,3918.0
UTTAR PRADESH,Mahrajganj,2684703.0,1381754.0,1302949.0,0,881674.0,537470.0,573046.0,34033.0,0,1694493.0,595114.0,370573.0,24523.0
UTTAR PRADESH,Gorakhpur,4440895.0,2277777.0,2163118.0,0,1593890.0,1106438.0,761958.0,189170.0,0,2755630.0,992114.0,659677.0,33474.0
UTTAR PRADESH,Kushinagar,3564544.0,1818055.0,1746489.0,0,1183722.0,771098.0,,42775.0,0,2236842.0,772777.0,500373.0,54552.0
UTTAR PRADESH,Deoria,3100946.0,1537436.0,1563510.0,0,1079288.0,,597778.0,67928.0,0,1946336.0,664708.0,481219.0,8683.0
UTTAR PRADESH,Azamgarh,4613913.0,2285004.0,2328909.0,0,1559414.0,1212503.0,891024.0,80434.0,0,2930243.0,965876.0,699954.0,17840.0
UTTAR PRADESH,Mau,2205968.0,1114709.0,1091259.0,0,773082.0,589962.0,352207.0,99321.0,0,1402738.0,467343.0,,12627.0
UTTAR PRADESH,Ballia,3239774.0,1672902.0,1566872.0,0,1160960.0,802630.0,564927.0,64454.0,0,1975934.0,724362.0,502628.0,36850.0
UTTAR PRADESH,Jaunpur,4494204.0,2220465.0,2273739.0,0,1565394.0,1166283.0,926088.0,80582.0,0,2826453.0,927026.0,689979.0,50746.0
UTTAR PRADESH,Ghazipur,3620268.0,1855075.0,1765193.0,0,1293553.0,903996.0,700173.0,61467.0,0,2234593.0,774130.0,556273.0,55272.0
UTTAR PRADESH,Chandauli,1952756.0,1017905.0,934851.0,0,699454.0,475152.0,344937.0,50822.0,0,1222695.0,437000.0,287767.0,5294.0
UTTAR PRADESH,Varanasi,3676841.0,1921857.0,1754984.0,0,1389116.0,1014787.0,438935.0,316129.0,0,2260457.0,856070.0,531549.0,28765.0
UTTAR PRADESH,Sant Ravidas Nagar (Bhadohi),1578213.0,807099.0,771114.0,0,546782.0,363364.0,293510.0,45997.0,0,1032294.0,331743.0,209920.0,4256.0
UTTAR PRADESH,Mirzapur,2496970.0,1312302.0,,0,865837.0,562846.0,465152.0,77963.0,0,1590528.0,552177.0,346773.0,7492.0
UTTAR PRADESH,Sonbhadra,1862559.0,971344.0,891215.0,0,601988.0,383720.0,337048.0,91040.0,0,1203938.0,418914.0,237866.0,1841.0
UTTAR PRADESH,Etah,1774480.0,947339.0,827141.0,0,647042.0,408160.0,334246.0,67752.0,0,1149372.0,383707.0,237427.0,3974.0
UTTAR PRADESH,Kanshiram Nagar,1436719.0,764165.0,672554.0,0,,272047.0,271234.0,,0,946320.0,301252.0,183434.0,5713.0
BIHAR,Pashchim Champaran,3935042.0,2061110.0,,0,1091226.0,668255.0,839514.0,96620.0,0,2544205.0,888205.0,497793.0,4839.0
BIHAR,Purba Champaran,5099371.0,2681209.0,2418162.0,0,1407603.0,869354.0,1142260.0,101565.0,0,3316422.0,1122340.0,648009.0,12600.0
BIHAR,Sheohar,656246.0,346673.0,309573.0,0,171645.0,112053.0,158484.0,7516.0,0,421241.0,139909.0,93398.0,1698.0
BIHAR,Sitamarhi,3423574.0,1803252.0,,0,885188.0,551606.0,,49670.0,0,2206340.0,739982.0,449035.0,28217.0
BIHAR,Madhubani,4487379.0,2329313.0,2158066.0,0,1340085.0,815253.0,1047552.0,41234.0,0,2860455.0,,611899.0,
BIHAR,Supaul,2229076.0,1155283.0,1073793.0,0,647672.0,385611.0,572287.0,27815.0,0,1453438.0,495020.0,277610.0,3008.0
BIHAR,Araria,2811569.0,1463333.0,1348236.0,0,,468125.0,,44213.0,0,1872943.0,612012.0,324091.0,2523.0
BIHAR,Kishanganj,1690400.0,866970.0,823430.0,0,439921.0,305135.0,401793.0,43357.0,0,1139615.0,361114.0,188447.0,1224.0
BIHAR,Purnia,3264619.0,1699370.0,1565249.0,0,805261.0,527065.0,712847.0,,0,2155512.0,,372692.0,39859.0
BIHAR,Katihar,3071029.0,1600430.0,1470599.0,0,762256.0,517934.0,,69838.0,0,2054202.0,660403.0,353483.0,2941.0
BIHAR,Madhepura,2001762.0,1047559.0,954203.0,0,517666.0,316911.0,486278.0,24000.0,0,1311771.0,444235.0,242382.0,3374.0
BIHAR,Saharsa,1900661.0,997174.0,903487.0,0,506374.0,298622.0,432651.0,38046.0,0,1249692.0,415863.0,233870.0,
BIHAR,Darbhanga,3937385.0,2059949.0,1877436.0,0,1125566.0,691068.0,907174.0,95539.0,0,2535344.0,865971.0,529314.0,6756.0
BIHAR,Muzaffarpur,4801062.0,2527497.0,2273565.0,0,1487117.0,1022115.0,998694.0,120700.0,0,3016735.0,1079189.0,697108.0,
BIHAR,Gopalganj,2562012.0,1267666.0,1294346.0,0,793905.0,589093.0,515925.0,38133.0,0,1642807.0,546202.0,370662.0,2341.0
BIHAR,Siwan,3330464.0,1675090.0,,0,1115906.0,814269.0,632514.0,41858.0,0,2115448.0,713597.0,498299.0,
BIHAR,Saran,3951862.0,2022821.0,1929041.0,0,1285767.0,871687.0,701323.0,76299.0,0,2516115.0,847031.0,585386.0,3330.0
BIHAR,Vaishali,3495021.0,1844535.0,1650486.0,0,1152576.0,774164.0,699317.0,51494.0,0,2176701.0,759132.0,486032.0,73156.0
BIHAR,Samastipur,4261566.0,2230003.0,2031563.0,0,1293575.0,849305.0,1012979.0,43486.0,0,2766930.0,913339.0,568812.0,12485.0
BIHAR,Begusarai,2970541.0,1567660.0,1402881.0,0,918507.0,630166.0,594377.0,139248.0,0,1951688.0,644874.0,369996.0,3983.0
BIHAR,Khagaria,1666886.0,883786.0,783100.0,0,461153.0,306875.0,373696.0,21007.0,0,1114645.0,355531.0,195796.0,914.0
BIHAR,Bhagalpur,3037766.0,1615663.0,,0,937669.0,635397.0,522527.0,130634.0,0,1952879.0,674660.0,397654.0,12573.0
BIHAR,Banka,2034763.0,1067140.0,967623.0,0,590961.0,374360.0,425604.0,18492.0,0,1291235.0,462080.0,278863.0,2585.0
BIHAR,Munger,1367765.0,729041.0,638724.0,0,473741.0,328076.0,222281.0,85782.0,0,860147.0,316713.0,188319.0,2586.0
BIHAR,Lakhisarai,1000912.0,526345.0,,0,305182.0,202088.0,175882.0,31763.0,0,650642.0,218840.0,130655.0,775.0
BIHAR,Sheikhpura,636342.0,329743.0,306599.0,0,,132245.0,108293.0,24345.0,0,413475.0,136898.0,85045.0,924.0
BIHAR,Nalanda,2877653.0,1497060.0,1380593.0,0,919558.0,600375.0,,102522.0,0,1829128.0,642197.0,403129.0,3199.0
BIHAR,Patna,5838465.0,3078512.0,2759953.0,0,2028047.0,1431632.0,657991.0,552103.0,0,,1382654.0,815638.0,13609.0
BIHAR,Bhojpur,2728407.0,1430380.0,1298027.0,0,973486.0,625665.0,434559.0,77368.0,0,1722387.0,613072.0,387389.0,5559.0
BIHAR,Buxar,1706352.0,887977.0,818375.0,0,593544.0,396263.0,299252.0,35405.0,0,1074754.0,375372.0,253998.0,2228.0
BIHAR,Kaimur (Bhabua),1626384.0,847006.0,779378.0,0,549923.0,370353.0,325143.0,15299.0,0,1039302.0,353413.0,226808.0,6861.0
BIHAR,Rohtas,2959918.0,1543546.0,1416372.0,0,1061783.0,738049.0,512383.0,95678.0,0,1875174.0,673742.0,407193.0,3809.0
BIHAR,Aurangabad,2540073.0,1318684.0,1221389.0,0,868733.0,597269.0,428291.0,49006.0,0,1626969.0,,340948.0,7585.0
BIHAR,Gaya,4391418.0,2266566.0,2124852.0,0,1368803.0,928810.0,696289.0,111282.0,0,2810026.0,936630.0,537333.0,107429.0
BIHAR,Nawada,2219146.0,1144668.0,1074478.0,0,659474.0,431538.0,,45323.0,0,1440781.0,485628.0,288805.0,3932.0
BIHAR,Jamui,1760405.0,916064.0,844341.0,0,534385.0,324203.0,,30851.0,0,1135919.0,,227016.0,5418.0
BIHAR,Jehanabad,1125313.0,585582.0,539731.0,0,374412.0,244469.0,186660.0,28132.0,0,714244.0,254582.0,155106.0,1381.0
BIHAR,Arwal,700843.0,363497.0,,0,235279.0,151072.0,134334.0,9960.0,0,444448.0,156031.0,98550.0,1814.0
SIKKIM,North  District,43709.0,24730.0,18979.0,0,18579.0,11871.0,11543.0,2066.0,0,27099.0,11674.0,4887.0,49.0
SIKKIM,West District,136435.0,70238.0,66197.0,0,51988.0,,32091.0,1886.0,0,84209.0,32520.0,19400.0,306.0
SIKKIM,South District,146850.0,76670.0,70180.0,0,59357.0,47384.0,31135.0,8163.0,0,87982.0,37318.0,,568.0
SIKKIM,East District,283583.0,151432.0,,0,121345.0,92984.0,40626.0,41512.0,0,165520.0,80354.0,37456.0,253.0
ARUNACHAL PRADESH,Tawang,49977.0,,20826.0,0,17720.0,8353.0,10730.0,2452.0,0,30709.0,13849.0,5399.0,20.0
ARUNACHAL PRADESH,West Kameng,83947.0,46155.0,37792.0,0,29566.0,18926.0,17889.0,,0,53026.0,22362.0,8493.0,66.0
ARUNACHAL PRADESH,East Kameng,78690.0,38775.0,39915.0,0,21599.0,16850.0,14503.0,5215.0,0,53752.0,17922.0,6960.0,56.0
ARUNACHAL PRADESH,Papum Pare,176573.0,89182.0,87391.0,0,65794.0,55254.0,,30180.0,0,120592.0,43812.0,11856.0,
ARUNACHAL PRADESH,Upper Subansiri,83448.0,41758.0,41690.0,0,24807.0,20471.0,14542.0,4672.0,0,56054.0,20055.0,7230.0,109.0
ARUNACHAL PRADESH,West Siang,112274.0,58168.0,54106.0,0,36777.0,,22272.0,8503.0,0,70415.0,28305.0,13469.0,85.0
ARUNACHAL PRADESH,East Siang,99214.0,50116.0,49098.0,0,34210.0,28366.0,,9524.0,0,61993.0,25334.0,11802.0,
ARUNACHAL PRADESH,Upper Siang,35320.0,18699.0,16621.0,0,10723.0,7472.0,8569.0,2182.0,0,21090.0,8910.0,5252.0,68.0
ARUNACHAL PRADESH,Changlang,148226.0,76948.0,71278.0,0,44027.0,29147.0,33422.0,6498.0,0,96630.0,35018.0,16414.0,164.0
ARUNACHAL PRADESH,Tirap,111975.0,57604.0,54371.0,0,29313.0,,18420.0,6500.0,0,71785.0,25669.0,14423.0,98.0
ARUNACHAL PRADESH,Lower Subansiri,83030.0,41843.0,41187.0,0,29470.0,24587.0,18112.0,,0,55258.0,20305.0,7412.0,55.0
ARUNACHAL PRADESH,Kurung Kumey,92076.0,45318.0,46758.0,0,20258.0,16348.0,18603.0,1092.0,0,64379.0,20713.0,6836.0,
ARUNACHAL PRADESH,Dibang Valley,8004.0,4414.0,3590.0,0,2614.0,1822.0,2055.0,1175.0,0,5113.0,2088.0,786.0,17.0
ARUNACHAL PRADESH,Lower Dibang Valley,54080.0,28053.0,26027.0,0,18087.0,13762.0,12000.0,3950.0,0,35140.0,13254.0,5652.0,34.0
ARUNACHAL PRADESH,Lohit,145726.0,76221.0,69505.0,0,48380.0,34682.0,33599.0,11372.0,0,,35493.0,15195.0,148.0
ARUNACHAL PRADESH,Anjaw,21167.0,11507.0,9660.0,0,6523.0,3467.0,6025.0,,0,13913.0,4755.0,2456.0,43.0
NAGALAND,Mon,250260.0,131753.0,118507.0,0,67432.0,52194.0,43607.0,7415.0,0,168773.0,53600.0,27437.0,450.0
NAGALAND,Mokokchung,194622.0,101092.0,93530.0,0,83479.0,76015.0,37536.0,,0,111243.0,52853.0,30363.0,163.0
NAGALAND,Zunheboto,140757.0,71217.0,69540.0,0,53504.0,49377.0,31267.0,6044.0,0,91709.0,32267.0,16730.0,51.0
NAGALAND,Wokha,166343.0,84505.0,81838.0,0,67385.0,60823.0,38499.0,8170.0,0,106951.0,40510.0,18811.0,71.0
NAGALAND,Dimapur,378811.0,197394.0,181417.0,0,150142.0,127895.0,49116.0,62853.0,0,243392.0,98601.0,36618.0,200.0
NAGALAND,Phek,163418.0,,79675.0,0,57926.0,47967.0,38903.0,7295.0,0,108514.0,37842.0,16969.0,93.0
NAGALAND,Tuensang,196596.0,101933.0,94663.0,0,63653.0,53858.0,,9451.0,0,134573.0,43210.0,18762.0,51.0
NAGALAND,Longleng,50484.0,26502.0,23982.0,0,16139.0,13720.0,12686.0,2451.0,0,33970.0,,5271.0,33.0
NAGALAND,Kiphire,74004.0,37830.0,36174.0,0,22675.0,18557.0,16032.0,4290.0,0,52699.0,14955.0,6309.0,41.0
NAGALAND,Kohima,267988.0,138966.0,129022.0,0,107038.0,90451.0,31845.0,44255.0,0,173701.0,68485.0,,245.0
NAGALAND,Peren,95219.0,49714.0,45505.0,0,34584.0,27620.0,20204.0,4073.0,0,64393.0,21597.0,,73.0
MANIPUR,Senapati,479148.0,247323.0,231825.0,0,148012.0,116465.0,38008.0,1826.0,0,314439.0,111516.0,52008.0,
MANIPUR,Tamenglong,140651.0,72371.0,68280.0,0,47403.0,37603.0,23982.0,4119.0,0,90273.0,33290.0,16924.0,164.0
MANIPUR,Churachandpur,274143.0,138820.0,135323.0,0,104013.0,91922.0,52972.0,4853.0,0,168608.0,67802.0,37096.0,637.0
MANIPUR,Bishnupur,237399.0,118782.0,118617.0,0,87313.0,69020.0,34977.0,21172.0,0,135220.0,62907.0,38815.0,457.0
MANIPUR,Thoubal,422168.0,210845.0,211323.0,0,152617.0,116687.0,65961.0,38302.0,0,251975.0,107196.0,62060.0,937.0
MANIPUR,Imphal West,517992.0,255054.0,262938.0,0,205985.0,186641.0,51055.0,85746.0,0,278940.0,148146.0,89394.0,1512.0
MANIPUR,Imphal East,456113.0,226094.0,230019.0,0,173314.0,151350.0,64421.0,46520.0,0,261530.0,123439.0,70005.0,1139.0
MANIPUR,Ukhrul,183998.0,94718.0,89280.0,0,70148.0,59681.0,36084.0,5806.0,0,113715.0,43646.0,25165.0,1472.0
MANIPUR,Chandel,144182.0,74579.0,69603.0,0,51053.0,39249.0,30377.0,3783.0,0,86255.0,39324.0,18329.0,274.0
MIZORAM,Mamit,86364.0,44828.0,41536.0,0,32977.0,27214.0,16726.0,4129.0,0,,20082.0,10318.0,50.0
MIZORAM,Kolasib,83955.0,42918.0,41037.0,0,34147.0,31748.0,9669.0,12507.0,0,52147.0,20576.0,11167.0,65.0
MIZORAM,Aizawl,400309.0,199270.0,201039.0,0,169547.0,171048.0,20570.0,80341.0,0,235892.0,108094.0,56092.0,231.0
MIZORAM,Champhai,125745.0,63388.0,62357.0,0,51440.0,49362.0,18395.0,12717.0,0,78778.0,29690.0,17189.0,
MIZORAM,Serchhip,64937.0,32851.0,32086.0,0,27598.0,26878.0,7472.0,8018.0,0,39568.0,15894.0,9404.0,71.0
MIZORAM,Lunglei,161428.0,82891.0,78537.0,0,64515.0,,21479.0,17315.0,0,100250.0,39690.0,21424.0,64.0
MIZORAM,Lawngtlai,117894.0,60599.0,57295.0,0,36444.0,26417.0,21993.0,,0,,25303.0,11831.0,37.0
MIZORAM,Saiha,56574.0,28594.0,27980.0,0,21861.0,20372.0,7043.0,5784.0,0,37127.0,12784.0,6636.0,27.0
TRIPURA,West Tripura,1725739.0,879428.0,846311.0,0,722998.0,638356.0,289621.0,217016.0,0,940424.0,499719.0,284637.0,959.0
TRIPURA,South Tripura,876001.0,447544.0,428457.0,0,351082.0,295728.0,219171.0,44906.0,0,505558.0,236676.0,133424.0,343.0
TRIPURA,Dhalai,378230.0,194544.0,183686.0,0,151643.0,124574.0,89457.0,14071.0,0,232286.0,95548.0,50269.0,127.0
TRIPURA,North Tripura,693947.0,352860.0,341087.0,0,275646.0,244756.0,150437.0,42184.0,0,414878.0,178608.0,100274.0,187.0
MEGHALAYA,West Garo Hills,643291.0,324159.0,319132.0,0,193438.0,165264.0,139351.0,18594.0,0,427629.0,143604.0,,1459.0
MEGHALAYA,East Garo Hills,317917.0,161223.0,156694.0,0,102513.0,89634.0,62698.0,11518.0,0,216742.0,70424.0,29926.0,825.0
MEGHALAYA,South Garo Hills,142334.0,73170.0,69164.0,0,45003.0,37059.0,35930.0,3713.0,0,97082.0,30605.0,14495.0,152.0
MEGHALAYA,West Khasi Hills,383461.0,193715.0,189746.0,0,117307.0,113371.0,74832.0,12299.0,0,278569.0,69988.0,33431.0,1473.0
MEGHALAYA,Ribhoi,258840.0,132531.0,126309.0,0,80977.0,74882.0,57988.0,5736.0,0,183343.0,52945.0,,187.0
MEGHALAYA,East Khasi Hills,825922.0,410749.0,415173.0,0,287270.0,290760.0,106248.0,108843.0,0,545961.0,192428.0,86576.0,957.0
MEGHALAYA,Jaintia Hills,395124.0,196285.0,,0,87371.0,100156.0,76546.0,7171.0,0,291097.0,72934.0,30362.0,731.0
ASSAM,Kokrajhar,887142.0,452905.0,434237.0,0,,214085.0,204896.0,17115.0,0,552671.0,224715.0,108956.0,800.0
ASSAM,Dhubri,1949258.0,997848.0,,0,511551.0,410790.0,460602.0,60417.0,0,1286592.0,439375.0,,1546.0
ASSAM,Goalpara,1008183.0,513292.0,494891.0,0,304302.0,259275.0,,39504.0,0,650509.0,239831.0,117427.0,416.0
ASSAM,Barpeta,1693622.0,867004.0,826618.0,0,499038.0,398020.0,447189.0,52192.0,0,1072312.0,405046.0,215355.0,909.0
ASSAM,Morigaon,957423.0,486651.0,470772.0,0,289698.0,250204.0,232206.0,25275.0,0,612737.0,225224.0,118271.0,1191.0
ASSAM,Nagaon,2823768.0,1439112.0,,0,921850.0,788866.0,674999.0,124186.0,0,1778277.0,678034.0,366112.0,1345.0
ASSAM,Sonitpur,1924110.0,983904.0,,0,620525.0,488047.0,483325.0,64528.0,0,1159991.0,501239.0,261648.0,1232.0
ASSAM,Lakhimpur,1042137.0,529674.0,512463.0,0,375552.0,,293239.0,34694.0,0,639385.0,268872.0,133615.0,265.0
ASSAM,Dhemaji,686133.0,351249.0,334884.0,0,237761.0,185267.0,211758.0,16504.0,0,434221.0,169630.0,82051.0,231.0
ASSAM,Tinsukia,1327929.0,680231.0,647698.0,0,453449.0,344873.0,290704.0,90910.0,0,799874.0,352158.0,175377.0,520.0
ASSAM,Dibrugarh,1326335.0,676434.0,649901.0,0,491361.0,393170.0,299852.0,77163.0,0,767147.0,371864.0,186774.0,550.0
ASSAM,Sivasagar,1151050.0,589216.0,561834.0,0,444767.0,368738.0,360182.0,45047.0,0,648056.0,330947.0,171710.0,337.0
ASSAM,Jorhat,1092256.0,556805.0,535451.0,0,432335.0,,286330.0,80824.0,0,604908.0,315550.0,171062.0,736.0
ASSAM,Golaghat,1066888.0,543161.0,523727.0,0,396475.0,325289.0,292893.0,34190.0,0,629153.0,289085.0,148244.0,406.0
ASSAM,Karbi Anglong,956313.0,490167.0,466146.0,0,314253.0,242961.0,215691.0,37185.0,0,618633.0,233739.0,103123.0,818.0
ASSAM,Dima Hasao,214102.0,110802.0,103300.0,0,78559.0,62314.0,37610.0,21309.0,0,135463.0,53699.0,24830.0,110.0
ASSAM,Cachar,1736617.0,886284.0,,0,639946.0,534182.0,346227.0,88933.0,0,1048990.0,444899.0,241776.0,952.0
ASSAM,Karimganj,1228686.0,625864.0,602822.0,0,435942.0,359355.0,261945.0,32695.0,0,779850.0,284368.0,163990.0,478.0
ASSAM,Hailakandi,659296.0,337890.0,321406.0,0,226836.0,,159215.0,16202.0,0,419921.0,156243.0,82841.0,291.0
ASSAM,Bongaigaon,738804.0,375818.0,362986.0,0,237114.0,196964.0,181923.0,38470.0,0,458796.0,184849.0,94939.0,220.0
ASSAM,Chirang,482162.0,244860.0,237302.0,0,145869.0,114033.0,129018.0,11613.0,0,301518.0,122244.0,58282.0,118.0
ASSAM,Kamrup,1517542.0,778461.0,739081.0,0,,445100.0,390596.0,43849.0,0,895775.0,408232.0,212740.0,795.0
ASSAM,Kamrup Metropolitan,1253938.0,647585.0,606353.0,0,537227.0,463964.0,61334.0,366858.0,0,659453.0,401500.0,190908.0,2077.0
ASSAM,Nalbari,771639.0,396006.0,375633.0,0,293184.0,238587.0,210706.0,28238.0,0,442061.0,211320.0,117809.0,449.0
ASSAM,Baksa,950075.0,481330.0,468745.0,0,322614.0,250223.0,291641.0,3580.0,0,563089.0,256282.0,130083.0,621.0
ASSAM,Darrang,928500.0,475273.0,453227.0,0,268666.0,218373.0,268517.0,20189.0,0,583436.0,226525.0,118102.0,437.0
ASSAM,Udalguri,831668.0,421617.0,410051.0,0,264326.0,,267790.0,,0,499214.0,221518.0,109962.0,974.0
WEST BENGAL,Darjiling,1846823.0,937259.0,909564.0,0,717673.0,597912.0,303284.0,215675.0,0,1031221.0,523288.0,289979.0,2335.0
WEST BENGAL,Jalpaiguri,3872846.0,1983064.0,1889782.0,0,1396622.0,1102158.0,798378.0,,0,2259507.0,1035449.0,575667.0,2223.0
WEST BENGAL,Koch Bihar,2819086.0,1451542.0,1367544.0,0,1028733.0,821771.0,803407.0,,0,,744646.0,448761.0,2359.0
WEST BENGAL,Uttar Dinajpur,3007134.0,1551066.0,1456068.0,0,853495.0,,683981.0,94269.0,0,1916033.0,704859.0,385155.0,1087.0
WEST BENGAL,Dakshin Dinajpur,1676276.0,857199.0,819077.0,0,,487211.0,390949.0,70077.0,0,937283.0,465982.0,271423.0,1588.0
WEST BENGAL,Maldah,3988845.0,2051541.0,1937304.0,0,1152019.0,934413.0,830318.0,,0,2511004.0,955283.0,520122.0,2436.0
WEST BENGAL,Murshidabad,7103807.0,3627564.0,3476243.0,0,2177187.0,1878647.0,1501066.0,350899.0,0,4390564.0,1717594.0,991413.0,4236.0
WEST BENGAL,Birbhum,3502404.0,1790920.0,1711484.0,0,1201481.0,956966.0,831044.0,134565.0,0,2008655.0,952059.0,539463.0,2227.0
WEST BENGAL,Barddhaman,7717563.0,3966889.0,3750674.0,0,2918040.0,2329168.0,1364868.0,862368.0,0,4149420.0,2265543.0,1292913.0,9687.0
WEST BENGAL,Nadia,5167600.0,2653768.0,2513832.0,0,1878866.0,1601689.0,1081381.0,468390.0,0,2745828.0,1484986.0,934417.0,2369.0
WEST BENGAL,North Twenty Four Parganas,10009781.0,,4890392.0,0,,3552647.0,1209337.0,1649803.0,0,5104876.0,,1921143.0,14766.0
WEST BENGAL,Hugli,5519145.0,2814653.0,2704492.0,0,2211777.0,1866611.0,992085.0,647953.0,0,2766489.0,1688206.0,1060821.0,3629.0
WEST BENGAL,Bankura,3596674.0,1838095.0,1758579.0,0,1299337.0,933655.0,900515.0,90885.0,0,1942335.0,1014764.0,637834.0,1741.0
WEST BENGAL,Puruliya,2930115.0,1496996.0,1433119.0,0,1002058.0,622847.0,653219.0,99433.0,0,1678057.0,764776.0,484166.0,3116.0
WEST BENGAL,Haora,4850029.0,2500819.0,2349210.0,0,1942824.0,,483384.0,869313.0,0,2587164.0,1423304.0,833104.0,6457.0
WEST BENGAL,Kolkata,4496694.0,2356766.0,2139928.0,0,1926915.0,1661222.0,0.0,1308106.0,0,2025389.0,1433314.0,1014769.0,23222.0
WEST BENGAL,South Twenty Four Parganas,8161961.0,4173778.0,3988183.0,0,3043277.0,2488380.0,1568802.0,,0,4763943.0,2151474.0,1235558.0,10986.0
WEST BENGAL,Paschim Medinipur,5913457.0,3007885.0,2905572.0,0,2266913.0,1811499.0,1364335.0,201048.0,0,3243971.0,1664250.0,990179.0,15057.0
WEST BENGAL,Purba Medinipur,5095875.0,2629834.0,2466041.0,0,2149073.0,1774121.0,1193006.0,,0,2866678.0,1384242.0,,2930.0
JHARKHAND,Garhwa,1322784.0,683575.0,639209.0,0,405161.0,248315.0,272872.0,,0,860869.0,284036.0,177599.0,280.0
JHARKHAND,Chatra,1042886.0,533935.0,508951.0,0,303902.0,206159.0,200974.0,14528.0,0,692650.0,222892.0,126682.0,662.0
JHARKHAND,Kodarma,716259.0,367222.0,349037.0,0,238780.0,151469.0,116714.0,34771.0,0,462098.0,158603.0,95309.0,249.0
JHARKHAND,Giridih,2445474.0,1258098.0,1187376.0,0,783736.0,469739.0,452564.0,46886.0,0,1597269.0,533788.0,312967.0,1450.0
JHARKHAND,Deoghar,1492073.0,775022.0,717051.0,0,,,257373.0,64337.0,0,944961.0,338413.0,205514.0,3185.0
JHARKHAND,Godda,1313551.0,677927.0,635624.0,0,376212.0,228307.0,276454.0,15576.0,0,820367.0,308639.0,183519.0,1026.0
JHARKHAND,Sahibganj,1150567.0,589391.0,561176.0,0,287303.0,195960.0,223450.0,37543.0,0,745027.0,261849.0,137727.0,5964.0
JHARKHAND,Pakur,900422.0,452661.0,447761.0,0,206989.0,145892.0,200588.0,16587.0,0,587976.0,206826.0,104418.0,1202.0
JHARKHAND,Dhanbad,2684487.0,1405956.0,1278531.0,0,1014950.0,,258764.0,405455.0,0,1634835.0,648876.0,,44331.0
JHARKHAND,Bokaro,2062330.0,1072807.0,989523.0,0,759088.0,514432.0,250312.0,258452.0,0,1261238.0,510375.0,282115.0,8602.0
JHARKHAND,Lohardaga,461790.0,232629.0,229161.0,0,149568.0,110139.0,,14725.0,0,298844.0,100340.0,62244.0,362.0
JHARKHAND,Purbi Singhbhum,2293919.0,1176902.0,1117017.0,0,856526.0,651173.0,262537.0,342126.0,0,1292595.0,632314.0,368148.0,862.0
JHARKHAND,Palamu,1939869.0,1006302.0,933567.0,0,621706.0,402857.0,355529.0,52375.0,0,1244572.0,425668.0,268387.0,
JHARKHAND,Latehar,726978.0,369666.0,357312.0,0,209706.0,140976.0,146377.0,14137.0,0,484084.0,152720.0,89870.0,304.0
JHARKHAND,Hazaribagh,1734495.0,890881.0,843614.0,0,596113.0,417136.0,312983.0,68765.0,0,1107452.0,396466.0,230033.0,
JHARKHAND,Ramgarh,949443.0,494230.0,,0,350031.0,246466.0,134067.0,118558.0,0,,230525.0,123794.0,377.0
JHARKHAND,Dumka,1321442.0,668514.0,652928.0,0,406275.0,266134.0,303697.0,23281.0,0,799323.0,324226.0,196164.0,1729.0
JHARKHAND,Jamtara,791042.0,404830.0,386212.0,0,258260.0,168052.0,165555.0,20113.0,0,480895.0,189889.0,,
JHARKHAND,Ranchi,2914253.0,1494937.0,1419316.0,0,1085244.0,,420740.0,310242.0,0,,725938.0,409166.0,36856.0
JHARKHAND,Khunti,531885.0,266335.0,265550.0,0,164741.0,119834.0,,,0,327152.0,125649.0,78736.0,348.0
JHARKHAND,Gumla,1025213.0,514390.0,510823.0,0,321795.0,237925.0,216629.0,16445.0,0,643579.0,225871.0,155452.0,311.0
JHARKHAND,Simdega,599578.0,,299269.0,0,191991.0,151492.0,144169.0,11114.0,0,357859.0,143560.0,97817.0,342.0
JHARKHAND,Pashchimi Singhbhum,1502338.0,749385.0,752953.0,0,439273.0,288288.0,336928.0,63396.0,0,960987.0,353305.0,187635.0,411.0
JHARKHAND,Saraikela-Kharsawan,1065056.0,544411.0,520645.0,0,365332.0,247661.0,217248.0,,0,,265892.0,161542.0,2647.0
ODISHA,Bargarh,1481255.0,749161.0,732094.0,0,557217.0,426566.0,411566.0,47395.0,0,787033.0,410005.0,282422.0,1795.0
ODISHA,Jharsuguda,579505.0,296690.0,282815.0,0,228092.0,177787.0,103224.0,73962.0,0,320156.0,159477.0,98555.0,1317.0
ODISHA,Sambalpur,1041099.0,526877.0,514222.0,0,393192.0,310499.0,,94798.0,0,,286575.0,186726.0,2098.0
ODISHA,Debagarh,312520.0,158230.0,154290.0,0,112649.0,85170.0,91408.0,7350.0,0,176062.0,81789.0,53989.0,680.0
ODISHA,Sundargarh,2093437.0,,1032290.0,0,750147.0,592175.0,387911.0,230151.0,0,1188918.0,573238.0,324436.0,6845.0
ODISHA,Kendujhar,1801733.0,906487.0,895246.0,0,605119.0,447399.0,,83664.0,0,1038890.0,472908.0,282751.0,7184.0
ODISHA,Mayurbhanj,2519738.0,1256213.0,1263525.0,0,794171.0,575226.0,689110.0,64479.0,0,1449729.0,650135.0,414076.0,5798.0
ODISHA,Baleshwar,2320529.0,1185787.0,1134742.0,0,902359.0,718873.0,601154.0,82440.0,0,1303828.0,622575.0,390611.0,3515.0
ODISHA,Bhadrak,1506337.0,760260.0,746077.0,0,596269.0,497871.0,,54244.0,0,848660.0,393629.0,260486.0,3562.0
ODISHA,Kendrapara,1440361.0,717814.0,722547.0,0,579970.0,509295.0,414749.0,23494.0,0,771284.0,374559.0,290894.0,3624.0
ODISHA,Jagatsinghapur,1136971.0,577865.0,,0,481049.0,407978.0,309685.0,43047.0,0,577896.0,317148.0,238753.0,3174.0
ODISHA,Cuttack,2624470.0,1352760.0,1271710.0,0,1103033.0,908436.0,579529.0,210768.0,0,1372301.0,743090.0,499895.0,
ODISHA,Jajapur,1827192.0,926034.0,901158.0,0,706396.0,584059.0,495611.0,45528.0,0,1010147.0,479392.0,332706.0,4947.0
ODISHA,Dhenkanal,1192811.0,612593.0,580218.0,0,464093.0,365817.0,,36979.0,0,641697.0,326233.0,222398.0,2483.0
ODISHA,Anugul,1273821.0,,618103.0,0,494425.0,375031.0,340410.0,,0,708493.0,347521.0,213517.0,4290.0
ODISHA,Nayagarh,962789.0,502636.0,460153.0,0,392333.0,296029.0,261646.0,26688.0,0,502136.0,,196994.0,1573.0
ODISHA,Khordha,2251673.0,1167137.0,1084536.0,0,957515.0,792421.0,331834.0,356895.0,0,1199521.0,653346.0,391701.0,7105.0
ODISHA,Puri,1698730.0,865380.0,833350.0,0,704857.0,587082.0,402014.0,72210.0,0,888134.0,477430.0,328666.0,4500.0
ODISHA,Ganjam,3529031.0,,1749813.0,0,1262652.0,947398.0,795476.0,219918.0,0,1980232.0,924756.0,613249.0,10794.0
ODISHA,Gajapati,577817.0,282882.0,294935.0,0,153663.0,108874.0,152095.0,,0,345387.0,144043.0,85072.0,3315.0
ODISHA,Kandhamal,733110.0,359945.0,373165.0,0,233900.0,165886.0,218446.0,24489.0,0,436625.0,177471.0,117777.0,1237.0
ODISHA,Baudh,441162.0,221625.0,219537.0,0,158648.0,112964.0,131377.0,6577.0,0,253467.0,111571.0,75046.0,1078.0
ODISHA,Subarnapur,610183.0,311312.0,298871.0,0,230393.0,168028.0,176927.0,16575.0,0,341561.0,153760.0,113450.0,1412.0
ODISHA,Balangir,1648997.0,830097.0,818900.0,0,545672.0,381588.0,476770.0,62192.0,0,904026.0,430011.0,310876.0,4084.0
ODISHA,Nuapada,610382.0,301962.0,308420.0,0,180903.0,118480.0,197258.0,11869.0,0,344075.0,152681.0,112325.0,1301.0
ODISHA,Kalahandi,1576869.0,787101.0,789768.0,0,484177.0,317859.0,456336.0,38412.0,0,880160.0,415778.0,275533.0,5398.0
ODISHA,Rayagada,967911.0,471960.0,495951.0,0,241959.0,165776.0,237343.0,49205.0,0,577569.0,245766.0,140825.0,3751.0
ODISHA,Nabarangapur,1220946.0,604812.0,616134.0,0,286984.0,183395.0,342840.0,29424.0,0,745206.0,297552.0,171761.0,6427.0
ODISHA,Koraput,1379647.0,678809.0,700838.0,0,340843.0,227247.0,381789.0,78339.0,0,818578.0,348803.0,207206.0,5060.0
ODISHA,Malkangiri,613192.0,303624.0,309568.0,0,147001.0,97705.0,167884.0,15839.0,0,381913.0,146355.0,83284.0,1640.0
CHHATTISGARH,Koriya,658917.0,334737.0,324180.0,0,229923.0,167900.0,121852.0,59763.0,0,399581.0,165022.0,94073.0,241.0
CHHATTISGARH,Surguja,2359886.0,1193129.0,1166757.0,0,694686.0,,,65167.0,0,1441436.0,561915.0,355077.0,1458.0
CHHATTISGARH,Jashpur,851669.0,424747.0,,0,280656.0,214759.0,,20722.0,0,488965.0,214455.0,148100.0,149.0
CHHATTISGARH,Raigarh,1493984.0,750278.0,743706.0,0,542756.0,408883.0,,66638.0,0,841958.0,398257.0,253488.0,281.0
CHHATTISGARH,Korba,1206640.0,612915.0,593725.0,0,433391.0,315368.0,206598.0,,0,,309479.0,166959.0,494.0
CHHATTISGARH,Janjgir - Champa,1619707.0,815717.0,803990.0,0,593679.0,425955.0,379583.0,61190.0,0,975114.0,383172.0,260898.0,523.0
CHHATTISGARH,Bilaspur,2663629.0,1351574.0,1312055.0,0,932474.0,,549632.0,188174.0,0,1625484.0,655032.0,380114.0,2999.0
CHHATTISGARH,Kabeerdham,822526.0,412058.0,410468.0,0,248503.0,165664.0,187311.0,23868.0,0,515971.0,198517.0,107854.0,184.0
CHHATTISGARH,Rajnandgaon,1537133.0,762855.0,774278.0,0,561355.0,447024.0,313604.0,76528.0,0,898915.0,404418.0,233068.0,732.0
CHHATTISGARH,Durg,3343872.0,1682101.0,1661771.0,0,1284612.0,1018766.0,,349741.0,0,1919832.0,898241.0,523656.0,2143.0
CHHATTISGARH,Raipur,4063872.0,2048186.0,2015686.0,0,,1136591.0,673499.0,395001.0,0,,1038155.0,560184.0,11234.0
CHHATTISGARH,Mahasamund,1032754.0,511967.0,520787.0,0,364089.0,273874.0,274793.0,35774.0,0,582544.0,,177826.0,375.0
CHHATTISGARH,Dhamtari,799781.0,397897.0,401884.0,0,303924.0,242909.0,168689.0,41792.0,0,461125.0,213021.0,125429.0,206.0
CHHATTISGARH,Uttar Bastar Kanker,748941.0,373338.0,375603.0,0,258298.0,197744.0,169191.0,24878.0,0,437598.0,197603.0,113450.0,290.0
CHHATTISGARH,Bastar,1413199.0,,714712.0,0,382335.0,268528.0,316425.0,54894.0,0,864272.0,358157.0,189569.0,1201.0
CHHATTISGARH,Narayanpur,139820.0,70104.0,69716.0,0,33449.0,23172.0,26916.0,6179.0,0,91338.0,33956.0,14367.0,159.0
CHHATTISGARH,Dakshin Bastar Dantewada,533638.0,264142.0,269496.0,0,116529.0,74708.0,106545.0,31304.0,0,334987.0,140188.0,58170.0,293.0
CHHATTISGARH,Bijapur,255230.0,128663.0,126567.0,0,54076.0,32843.0,50449.0,7942.0,0,167348.0,63802.0,23927.0,153.0
MADHYA PRADESH,Sheopur,687861.0,361784.0,326077.0,0,208201.0,119824.0,150146.0,26376.0,0,449974.0,155063.0,82416.0,408.0
MADHYA PRADESH,Morena,1965970.0,1068417.0,897553.0,0,747652.0,432033.0,319298.0,95288.0,0,1254302.0,452484.0,257704.0,1480.0
MADHYA PRADESH,Bhind,1703005.0,926843.0,776162.0,0,676513.0,418404.0,271211.0,88385.0,0,1040736.0,399676.0,,4005.0
MADHYA PRADESH,Gwalior,2032036.0,1090327.0,941709.0,0,803114.0,554096.0,172720.0,272172.0,0,1218319.0,519728.0,291451.0,2538.0
MADHYA PRADESH,Datia,786754.0,420157.0,366597.0,0,303815.0,187630.0,160453.0,43401.0,0,473097.0,195131.0,118186.0,340.0
MADHYA PRADESH,Shivpuri,1726050.0,919795.0,806255.0,0,573242.0,327604.0,367859.0,66759.0,0,1106084.0,389652.0,227989.0,2325.0
MADHYA PRADESH,Tikamgarh,1445166.0,760355.0,684811.0,0,,288587.0,322772.0,60220.0,0,898323.0,343824.0,,1144.0
MADHYA PRADESH,Chhatarpur,1762375.0,936121.0,826254.0,0,572010.0,371023.0,375869.0,95048.0,0,1112636.0,394060.0,252417.0,3262.0
MADHYA PRADESH,Panna,1016520.0,533480.0,483040.0,0,332140.0,220419.0,256744.0,32179.0,0,635347.0,235035.0,144827.0,1311.0
MADHYA PRADESH,Sagar,2378458.0,1256257.0,1122201.0,0,908607.0,637112.0,448408.0,165507.0,0,1470688.0,569166.0,335432.0,
MADHYA PRADESH,Damoh,1264219.0,661873.0,602346.0,0,445737.0,301978.0,303387.0,66514.0,0,768929.0,312593.0,181403.0,1294.0
MADHYA PRADESH,Satna,2228935.0,1157495.0,1071440.0,0,801051.0,570730.0,461831.0,114173.0,0,1365647.0,535086.0,326049.0,2153.0
MADHYA PRADESH,Rewa,2365106.0,1225100.0,1140006.0,0,,596185.0,523910.0,94489.0,0,1460075.0,540235.0,362228.0,2568.0
MADHYA PRADESH,Umaria,644758.0,330674.0,314084.0,0,210907.0,145765.0,138100.0,29966.0,0,403030.0,158140.0,82984.0,604.0
MADHYA PRADESH,Neemuch,826067.0,422653.0,403414.0,0,307889.0,200945.0,174235.0,67962.0,0,476995.0,217403.0,131227.0,442.0
MADHYA PRADESH,Mandsaur,1340411.0,682851.0,657560.0,0,502898.0,331693.0,302287.0,81832.0,0,781000.0,346861.0,211815.0,735.0
MADHYA PRADESH,Ratlam,1455069.0,738241.0,716828.0,0,485090.0,340790.0,266716.0,107151.0,0,876905.0,363858.0,213560.0,746.0
MADHYA PRADESH,Ujjain,1986864.0,1016289.0,970575.0,0,730817.0,510173.0,300765.0,188684.0,0,1156749.0,508302.0,320502.0,1311.0
MADHYA PRADESH,Shajapur,1512681.0,780520.0,732161.0,0,543509.0,351103.0,312611.0,73997.0,0,901161.0,369741.0,240768.0,1011.0
MADHYA PRADESH,Dewas,1563715.0,805359.0,758356.0,0,550716.0,374653.0,274995.0,101014.0,0,943954.0,388648.0,230280.0,833.0
MADHYA PRADESH,Dhar,2185793.0,1112725.0,1073068.0,0,638479.0,438859.0,412348.0,103364.0,0,1377326.0,533243.0,273050.0,2174.0
MADHYA PRADESH,Indore,3276697.0,1699627.0,,0,1289631.0,1019499.0,200371.0,587947.0,0,1877270.0,894464.0,493096.0,11867.0
MADHYA PRADESH,Khargone (West Nimar),1873046.0,953121.0,919925.0,0,575428.0,410806.0,383543.0,76620.0,0,1166866.0,450248.0,254570.0,1362.0
MADHYA PRADESH,Barwani,1385881.0,699340.0,686541.0,0,313642.0,236284.0,250358.0,48912.0,0,923665.0,302833.0,158594.0,789.0
MADHYA PRADESH,Rajgarh,1545814.0,790212.0,755602.0,0,488797.0,315448.0,331894.0,69823.0,0,935230.0,363218.0,246447.0,919.0
MADHYA PRADESH,Vidisha,1458875.0,769568.0,689307.0,0,512344.0,350574.0,292579.0,83830.0,0,919239.0,335690.0,203005.0,941.0
MADHYA PRADESH,Bhopal,2371061.0,1236130.0,1134931.0,0,920314.0,740376.0,118893.0,581826.0,0,1405814.0,625594.0,330291.0,
MADHYA PRADESH,Sehore,1311332.0,683743.0,627589.0,0,469208.0,311154.0,270427.0,59220.0,0,817608.0,305605.0,187611.0,508.0
MADHYA PRADESH,Raisen,1331597.0,700358.0,631239.0,0,,341127.0,251272.0,,0,832939.0,316319.0,181524.0,815.0
MADHYA PRADESH,Betul,1575362.0,799236.0,776126.0,0,529783.0,409986.0,318945.0,87704.0,0,938819.0,392728.0,242592.0,1223.0
MADHYA PRADESH,Harda,570465.0,294838.0,275627.0,0,203807.0,148743.0,112714.0,31845.0,0,347774.0,138882.0,83417.0,392.0
MADHYA PRADESH,Hoshangabad,1241350.0,648725.0,592625.0,0,469199.0,341445.0,209650.0,105746.0,0,730768.0,318232.0,191501.0,849.0
MADHYA PRADESH,Katni,1292042.0,662013.0,630029.0,0,460583.0,330190.0,276151.0,72880.0,0,778414.0,,185857.0,1189.0
MADHYA PRADESH,Jabalpur,2463289.0,1277278.0,1186011.0,0,980307.0,776161.0,272284.0,352477.0,0,1387369.0,679185.0,391903.0,4832.0
MADHYA PRADESH,Narsimhapur,1091854.0,568810.0,523044.0,0,413491.0,305294.0,,53059.0,0,620415.0,289560.0,180831.0,1048.0
MADHYA PRADESH,Dindori,704524.0,351913.0,352611.0,0,222759.0,155955.0,218021.0,9774.0,0,419531.0,181841.0,102522.0,630.0
MADHYA PRADESH,Mandla,1054905.0,525272.0,529633.0,0,348033.0,256929.0,279674.0,37258.0,0,614794.0,278553.0,160510.0,1048.0
MADHYA PRADESH,Chhindwara,2090922.0,1064468.0,1026454.0,0,731294.0,562904.0,413142.0,140802.0,0,1232263.0,535316.0,321977.0,1366.0
MADHYA PRADESH,Seoni,1379131.0,695879.0,683252.0,0,485341.0,378853.0,335045.0,47542.0,0,809922.0,363037.0,205237.0,
MADHYA PRADESH,Balaghat,1701698.0,842178.0,859520.0,0,626468.0,521155.0,400074.0,70793.0,0,969773.0,453605.0,276799.0,
MADHYA PRADESH,Guna,1241519.0,649362.0,592157.0,0,400537.0,253443.0,212765.0,72320.0,0,793150.0,285176.0,162104.0,1089.0
MADHYA PRADESH,Ashoknagar,845071.0,443837.0,401234.0,0,290304.0,178805.0,169606.0,37135.0,0,535410.0,,114131.0,758.0
MADHYA PRADESH,Shahdol,1066063.0,540021.0,526042.0,0,348761.0,255433.0,233594.0,57846.0,0,,269145.0,150655.0,644.0
MADHYA PRADESH,Anuppur,749237.0,379114.0,370123.0,0,254120.0,182475.0,,,0,,193520.0,,950.0
MADHYA PRADESH,Sidhi,1127033.0,575912.0,551121.0,0,353030.0,247755.0,,25916.0,0,721531.0,253685.0,150959.0,858.0
MADHYA PRADESH,Singrauli,1178273.0,613637.0,564636.0,0,359923.0,225131.0,228732.0,58593.0,0,771725.0,267189.0,138276.0,1083.0
MADHYA PRADESH,Jhabua,1025048.0,515023.0,510025.0,0,214582.0,137499.0,211080.0,24713.0,0,684200.0,220769.0,119681.0,398.0
MADHYA PRADESH,Alirajpur,728999.0,362542.0,366457.0,0,120905.0,88849.0,135866.0,14662.0,0,488848.0,155328.0,84149.0,674.0
MADHYA PRADESH,Khandwa (East Nimar),1310061.0,674329.0,635732.0,0,432259.0,299356.0,265663.0,63425.0,0,809091.0,313456.0,186928.0,586.0
MADHYA PRADESH,Burhanpur,757847.0,,369343.0,0,233073.0,175606.0,115979.0,62861.0,0,469838.0,181605.0,106034.0,370.0
GUJARAT,Kachchh,2092371.0,1096737.0,995634.0,0,739239.0,513080.0,488293.0,250982.0,0,,524052.0,286086.0,3629.0
GUJARAT,Banas Kantha,3120506.0,1610379.0,1510127.0,0,1048402.0,656521.0,666773.0,137424.0,0,1984701.0,738412.0,394793.0,2600.0
GUJARAT,Patan,1343734.0,694397.0,649337.0,0,494631.0,343282.0,301483.0,102655.0,0,786357.0,341381.0,213465.0,2531.0
GUJARAT,Mahesana,2035064.0,1056520.0,978544.0,0,847499.0,655146.0,476005.0,183738.0,0,1119451.0,,,3603.0
GUJARAT,Sabar Kantha,2428589.0,1244231.0,1184358.0,0,918625.0,660109.0,544024.0,,0,1393131.0,,400905.0,3590.0
GUJARAT,Gandhinagar,1391753.0,723864.0,667889.0,0,582686.0,447808.0,237624.0,195634.0,0,769329.0,391862.0,224886.0,5676.0
GUJARAT,Ahmadabad,7214225.0,3788051.0,3426174.0,0,3025463.0,2410297.0,353169.0,1845383.0,0,3952858.0,2043895.0,1198152.0,19320.0
GUJARAT,Surendranagar,1756268.0,909917.0,846351.0,0,643221.0,450405.0,340788.0,159810.0,0,1033435.0,439352.0,280582.0,2899.0
GUJARAT,Rajkot,3804558.0,1974445.0,1830113.0,0,1514075.0,1210981.0,459474.0,721532.0,0,2080568.0,1052871.0,659576.0,11543.0
GUJARAT,Jamnagar,2160119.0,1114192.0,1045927.0,0,795140.0,601394.0,347158.0,299167.0,0,1220598.0,576319.0,358455.0,4747.0
GUJARAT,Porbandar,585449.0,300209.0,285240.0,0,221621.0,172057.0,96015.0,87557.0,0,314886.0,163777.0,105638.0,1148.0
GUJARAT,Junagadh,2743082.0,,1338726.0,0,1046981.0,795837.0,489237.0,287506.0,0,1527888.0,749156.0,461650.0,4388.0
GUJARAT,Amreli,1514190.0,771049.0,743141.0,0,558180.0,437279.0,313714.0,116899.0,0,836343.0,389892.0,282409.0,5546.0
GUJARAT,Bhavnagar,2880365.0,,1390164.0,0,1087371.0,799884.0,387251.0,356826.0,0,1708938.0,720241.0,445121.0,6065.0
GUJARAT,Anand,2092745.0,1087224.0,1005521.0,0,874481.0,676772.0,413078.0,208909.0,0,1134962.0,585093.0,366419.0,6271.0
GUJARAT,Kheda,2299885.0,,1114158.0,0,942480.0,717763.0,461479.0,160547.0,0,1260660.0,628221.0,388646.0,22358.0
GUJARAT,Panch Mahals,2390776.0,1226961.0,1163815.0,0,858054.0,582751.0,463363.0,104238.0,0,1421859.0,599925.0,363391.0,
GUJARAT,Dohad,2127086.0,1068651.0,1058435.0,0,599035.0,408136.0,323697.0,52807.0,0,1402616.0,467115.0,252153.0,5202.0
GUJARAT,Vadodara,4165626.0,2153736.0,2011890.0,0,1614087.0,1278993.0,547454.0,692971.0,0,2213474.0,1190041.0,733710.0,28401.0
GUJARAT,Narmada,590297.0,301086.0,289211.0,0,211767.0,158569.0,138121.0,22248.0,0,336830.0,157910.0,93466.0,2091.0
GUJARAT,Bharuch,1551019.0,805707.0,745312.0,0,623047.0,495229.0,,181319.0,0,844298.0,442523.0,254728.0,9470.0
GUJARAT,The Dangs,228291.0,113821.0,114470.0,0,77314.0,63654.0,52102.0,7516.0,0,146095.0,51821.0,30027.0,348.0
GUJARAT,Navsari,1329672.0,678165.0,651507.0,0,539471.0,462438.0,267739.0,141417.0,0,673014.0,390349.0,258957.0,7352.0
GUJARAT,Valsad,1705678.0,887222.0,818456.0,0,655528.0,515129.0,,235981.0,0,944532.0,485874.0,259906.0,15366.0
GUJARAT,Surat,6081322.0,3402224.0,2679098.0,0,2687468.0,1883942.0,369840.0,1529998.0,0,3563443.0,1740746.0,723415.0,53718.0
GUJARAT,Tapi,807022.0,402188.0,404834.0,0,269007.0,221029.0,192272.0,,0,422047.0,235019.0,144575.0,5381.0
DAMAN AND DIU,Diu,52074.0,25642.0,26432.0,0,20327.0,17731.0,9788.0,9062.0,0,30475.0,13932.0,7599.0,68.0
DAMAN AND DIU,Daman,191173.0,124659.0,66514.0,0,104316.0,46032.0,,61073.0,0,122589.0,52868.0,15428.0,288.0
DADRA AND NAGAR HAVELI,Dadra AND Nagar Haveli,343709.0,193760.0,149949.0,0,142521.0,80709.0,48221.0,60562.0,0,225103.0,87888.0,30346.0,372.0
MAHARASHTRA,Nandurbar,1648295.0,833170.0,815125.0,0,512099.0,394410.0,333440.0,71572.0,0,1011352.0,390419.0,241534.0,4990.0
MAHARASHTRA,Dhule,2050862.0,1054031.0,996831.0,0,723388.0,570528.0,382777.0,146013.0,0,1167569.0,513908.0,350747.0,18638.0
MAHARASHTRA,Jalgaon,4229917.0,2197365.0,2032552.0,0,1629223.0,1262659.0,796223.0,373565.0,0,2352671.0,1080237.0,763529.0,33480.0
MAHARASHTRA,Buldana,2586258.0,1337560.0,1248698.0,0,1048892.0,830982.0,575405.0,152787.0,0,1467457.0,,473071.0,3890.0
MAHARASHTRA,Akola,1813906.0,932334.0,881572.0,0,758977.0,652304.0,308158.0,196077.0,0,998769.0,483200.0,327932.0,4005.0
MAHARASHTRA,Washim,1197160.0,620302.0,,0,487703.0,382214.0,274925.0,55921.0,0,682919.0,302425.0,210185.0,1631.0
MAHARASHTRA,Amravati,2888445.0,1480768.0,1407677.0,0,1207104.0,,,272894.0,0,1540590.0,783549.0,553265.0,11041.0
MAHARASHTRA,Wardha,1300774.0,668385.0,632389.0,0,552617.0,466841.0,268486.0,120218.0,0,659540.0,370227.0,270107.0,900.0
MAHARASHTRA,Nagpur,4653570.0,2384975.0,2268595.0,0,1959220.0,1714588.0,430844.0,877522.0,0,2460820.0,1361821.0,818467.0,12462.0
MAHARASHTRA,Bhandara,1200334.0,,594814.0,0,488709.0,411151.0,283843.0,72575.0,0,626978.0,333120.0,232754.0,7482.0
MAHARASHTRA,Gondiya,1322507.0,661554.0,660953.0,0,542837.0,461406.0,319702.0,66813.0,0,704214.0,371908.0,244111.0,2274.0
MAHARASHTRA,Gadchiroli,1072942.0,541328.0,531614.0,0,395110.0,313255.0,293586.0,37254.0,0,605217.0,289448.0,175518.0,2759.0
MAHARASHTRA,Chandrapur,2204307.0,1123834.0,1080473.0,0,872565.0,706050.0,451324.0,233331.0,0,1163802.0,629890.0,403719.0,6896.0
MAHARASHTRA,Yavatmal,2772348.0,1419965.0,1352383.0,0,1115980.0,906594.0,629243.0,168889.0,0,1549263.0,733258.0,483813.0,
MAHARASHTRA,Nanded,3361292.0,1730075.0,1631217.0,0,,934203.0,591119.0,230563.0,0,2008314.0,809135.0,535827.0,
MAHARASHTRA,Hingoli,1177345.0,606294.0,571051.0,0,450551.0,340192.0,242456.0,41913.0,0,692117.0,281905.0,201828.0,1495.0
MAHARASHTRA,Parbhani,1836086.0,,893216.0,0,666291.0,491523.0,293480.0,133759.0,0,1078349.0,436486.0,313455.0,7796.0
MAHARASHTRA,Jalna,1959046.0,1011473.0,947573.0,0,,496095.0,404746.0,98084.0,0,1150104.0,454836.0,341479.0,12627.0
MAHARASHTRA,Aurangabad,3701282.0,1924469.0,1776813.0,0,1430936.0,1072901.0,551789.0,427343.0,0,,909771.0,571932.0,7583.0
MAHARASHTRA,Nashik,6107187.0,3157186.0,2950001.0,0,2397538.0,,904661.0,764271.0,0,3580633.0,1567252.0,948469.0,10833.0
MAHARASHTRA,Thane,11060148.0,5865078.0,5195070.0,0,4591396.0,3635765.0,713994.0,2904157.0,0,6184519.0,3241888.0,1579921.0,53820.0
MAHARASHTRA,Mumbai Suburban,9356962.0,5031323.0,4325639.0,0,,3352456.0,0.0,3078829.0,0,,2812001.0,1575566.0,33035.0
MAHARASHTRA,Mumbai,3085411.0,1684608.0,1400803.0,0,1410680.0,1098342.0,0.0,,0,1553005.0,933586.0,583243.0,15577.0
MAHARASHTRA,Raigarh,2634200.0,1344345.0,1289855.0,0,1059692.0,880302.0,581868.0,377160.0,0,1414154.0,748339.0,462741.0,8966.0
MAHARASHTRA,Pune,9429408.0,4924105.0,4505303.0,0,3940210.0,3231513.0,1165718.0,2056739.0,0,5184734.0,2624165.0,1586132.0,34377.0
MAHARASHTRA,Ahmadnagar,4543159.0,2342825.0,2200334.0,0,1773355.0,1378535.0,1041393.0,282011.0,0,,1166245.0,865139.0,15215.0
MAHARASHTRA,Bid,2585049.0,1349106.0,1235943.0,0,987185.0,731322.0,563114.0,135457.0,0,1473882.0,614615.0,494436.0,2116.0
MAHARASHTRA,Latur,2454196.0,1273140.0,1181056.0,0,932432.0,718240.0,428616.0,157016.0,0,1406364.0,584243.0,453229.0,10360.0
MAHARASHTRA,Osmanabad,1657576.0,861535.0,796041.0,0,644304.0,493506.0,367158.0,77832.0,0,917343.0,393539.0,343021.0,3673.0
MAHARASHTRA,Solapur,4317756.0,2227852.0,2089904.0,0,1651266.0,1259410.0,779929.0,376302.0,0,2402794.0,1089900.0,809935.0,15127.0
MAHARASHTRA,Satara,3003741.0,1510842.0,1492899.0,0,1201034.0,1024660.0,774522.0,200949.0,0,1517324.0,800492.0,671702.0,14223.0
MAHARASHTRA,Ratnagiri,1615069.0,761121.0,853948.0,0,619012.0,580380.0,538538.0,100824.0,0,777431.0,438905.0,,1766.0
MAHARASHTRA,Sindhudurg,849651.0,417332.0,432319.0,0,348289.0,317778.0,295847.0,44989.0,0,382024.0,242296.0,222963.0,2368.0
MAHARASHTRA,Kolhapur,3876001.0,1980658.0,1895343.0,0,1559760.0,1266085.0,,382818.0,0,1972486.0,1084858.0,801590.0,17067.0
MAHARASHTRA,Sangli,2822143.0,1435728.0,1386415.0,0,1121550.0,,626872.0,226801.0,0,1450907.0,752303.0,603739.0,15194.0
TELANGANA,Adilabad,2741239.0,,1371642.0,0,856350.0,626997.0,,220248.0,0,1536378.0,704551.0,422522.0,77788.0
TELANGANA,Nizamabad,2551335.0,1250641.0,1300694.0,0,790214.0,599596.0,565165.0,155133.0,0,1399773.0,676401.0,437573.0,37588.0
TELANGANA,Karimnagar,3776269.0,1880800.0,1895469.0,0,1257238.0,949591.0,877236.0,288044.0,0,1940234.0,1031735.0,728494.0,75806.0
TELANGANA,Medak,3033288.0,1523030.0,1510258.0,0,953406.0,683731.0,593653.0,195479.0,0,1735769.0,779738.0,509368.0,8413.0
TELANGANA,Hyderabad,3943323.0,2018575.0,1924748.0,0,1542688.0,1349467.0,0.0,1066289.0,0,2249130.0,1068243.0,542669.0,83281.0
TELANGANA,Rangareddy,5296741.0,2701008.0,2595733.0,0,1948784.0,1589244.0,432098.0,1129224.0,0,2966988.0,1455864.0,738037.0,135852.0
TELANGANA,Mahbubnagar,4053028.0,2050386.0,2002642.0,0,1158386.0,782260.0,848963.0,161052.0,0,2360874.0,1027525.0,637430.0,27199.0
TELANGANA,Nalgonda,3488809.0,1759772.0,1729037.0,0,1160757.0,840262.0,833504.0,197433.0,0,1932349.0,897137.0,651748.0,7575.0
TELANGANA,Warangal,3512576.0,1759281.0,1753295.0,0,1179790.0,885233.0,758738.0,288249.0,0,1891954.0,941452.0,664872.0,14298.0
TELANGANA,Khammam,2797370.0,1390988.0,1406382.0,0,901640.0,728594.0,669262.0,201363.0,0,1530602.0,774583.0,477955.0,14230.0
ANDHRA PRADESH,Srikakulam,2703114.0,1341738.0,1361376.0,0,857824.0,637557.0,752752.0,149684.0,0,1423119.0,747385.0,528736.0,3874.0
ANDHRA PRADESH,Vizianagaram,2344474.0,1161477.0,1182997.0,0,707503.0,530885.0,592458.0,157056.0,0,,666394.0,451469.0,20245.0
ANDHRA PRADESH,Visakhapatnam,4290589.0,2138910.0,2151679.0,0,1422878.0,1145371.0,718847.0,660493.0,0,2274553.0,1245627.0,716066.0,54343.0
ANDHRA PRADESH,East Godavari,5154296.0,2569688.0,2584608.0,0,1716933.0,1571644.0,1199479.0,406362.0,0,2724328.0,1478954.0,948122.0,2892.0
ANDHRA PRADESH,West Godavari,3936966.0,1964918.0,1972048.0,0,1379223.0,1273166.0,1007255.0,248373.0,0,2051513.0,1127764.0,755533.0,2156.0
ANDHRA PRADESH,Krishna,4517398.0,2267375.0,2250023.0,0,1598959.0,1410759.0,909292.0,567042.0,0,2340943.0,1284630.0,833959.0,57866.0
ANDHRA PRADESH,Guntur,4887813.0,2440521.0,2447292.0,0,1634726.0,1325715.0,1069877.0,513113.0,0,2583462.0,1371811.0,928462.0,4078.0
ANDHRA PRADESH,Prakasam,3397448.0,1714764.0,,0,1107686.0,796749.0,873486.0,,0,1832695.0,917391.0,641707.0,5655.0
ANDHRA PRADESH,Sri Potti Sriramulu Nellore,2963557.0,1492974.0,1470583.0,0,1011922.0,820267.0,689137.0,264376.0,0,1574713.0,840448.0,544022.0,4374.0
ANDHRA PRADESH,Y.S.R.,2882469.0,1451777.0,1430692.0,0,994699.0,722067.0,590589.0,293504.0,0,1553667.0,793583.0,530412.0,4807.0
ANDHRA PRADESH,Kurnool,4053463.0,2039227.0,2014236.0,0,1246369.0,880792.0,783853.0,306982.0,0,2368684.0,1053618.0,609027.0,22134.0
ANDHRA PRADESH,Anantapur,4081148.0,2064495.0,2016653.0,0,1338474.0,972486.0,902997.0,,0,2189396.0,1104565.0,739612.0,47575.0
ANDHRA PRADESH,Chittoor,4174064.0,2090204.0,2083860.0,0,1484794.0,1183084.0,,395900.0,0,2148179.0,1159053.0,807430.0,59402.0
KARNATAKA,Belgaum,4779661.0,2423063.0,,0,1725548.0,1326484.0,962777.0,356198.0,0,2669348.0,1251116.0,857143.0,2054.0
KARNATAKA,Bagalkot,1889752.0,950111.0,939641.0,0,641388.0,472024.0,324799.0,165858.0,0,1123443.0,465706.0,299774.0,829.0
KARNATAKA,Bijapur,2177331.0,1111022.0,,0,730566.0,517702.0,396449.0,131041.0,0,1295274.0,,353549.0,1423.0
KARNATAKA,Bidar,1703300.0,870665.0,832635.0,0,597198.0,445475.0,287134.0,102269.0,0,1018195.0,397120.0,287271.0,714.0
KARNATAKA,Raichur,1928812.0,964511.0,964301.0,0,577213.0,402556.0,330446.0,125402.0,0,1196670.0,,265810.0,1159.0
KARNATAKA,Koppal,1389920.0,699926.0,689994.0,0,468785.0,340300.0,272968.0,64681.0,0,855430.0,330393.0,202984.0,1113.0
KARNATAKA,Gadag,1064570.0,537147.0,527423.0,0,397178.0,302999.0,180066.0,111906.0,0,601578.0,,183409.0,514.0
KARNATAKA,Dharwad,909817.0,,909817.0,0,711776.0,589888.0,199707.0,283397.0,0,1017935.0,,322577.0,823.0
KARNATAKA,Uttara Kannada,1437169.0,726256.0,710913.0,0,582099.0,499807.0,334281.0,140511.0,0,742281.0,412649.0,281542.0,697.0
KARNATAKA,Haveri,1597668.0,819128.0,778540.0,0,603793.0,481650.0,315076.0,98488.0,0,904453.0,426094.0,,535.0
KARNATAKA,Bellary,2452595.0,1236954.0,1215641.0,0,813440.0,608181.0,371604.0,251876.0,0,1487013.0,617276.0,346905.0,1401.0
KARNATAKA,Chitradurga,1659456.0,840843.0,818613.0,0,607188.0,480204.0,349704.0,97644.0,0,891230.0,460057.0,306412.0,1757.0
KARNATAKA,Davanagere,1945497.0,986400.0,959097.0,0,720637.0,587903.0,354680.0,176011.0,0,1068518.0,538551.0,336173.0,2255.0
KARNATAKA,Shimoga,1752753.0,877415.0,875338.0,0,674938.0,,352444.0,201662.0,0,913150.0,513297.0,325542.0,
KARNATAKA,Udupi,1177361.0,562131.0,615230.0,0,,460725.0,269817.0,115572.0,0,,340903.0,276234.0,659.0
KARNATAKA,Chikmagalur,1137961.0,566622.0,571339.0,0,438257.0,380088.0,311660.0,80766.0,0,564994.0,341380.0,230864.0,723.0
KARNATAKA,Tumkur,2678980.0,1350594.0,1328386.0,0,,807367.0,685443.0,204799.0,0,1351461.0,760936.0,564196.0,2387.0
KARNATAKA,Bangalore,9621551.0,5022661.0,4598890.0,0,4078041.0,3434235.0,300576.0,2967384.0,0,5275666.0,2909575.0,1424195.0,12115.0
KARNATAKA,Mandya,1805769.0,905085.0,900684.0,0,638668.0,510981.0,458867.0,103435.0,0,902307.0,527236.0,375100.0,1126.0
KARNATAKA,Hassan,1776421.0,883667.0,892754.0,0,668836.0,556420.0,496103.0,132878.0,0,877340.0,522039.0,,1124.0
KARNATAKA,Dakshina Kannada,2089649.0,1034714.0,1054935.0,0,,802304.0,332919.0,317373.0,0,1072417.0,608450.0,407902.0,880.0
KARNATAKA,Kodagu,554519.0,274608.0,279911.0,0,,197575.0,181182.0,31792.0,0,276918.0,163360.0,113919.0,322.0
KARNATAKA,Mysore,3001127.0,,1489527.0,0,1063766.0,898414.0,540596.0,380386.0,0,1580116.0,865220.0,553705.0,2086.0
KARNATAKA,Chamarajanagar,1020791.0,512231.0,508560.0,0,312957.0,,262680.0,57200.0,0,519046.0,294903.0,206003.0,839.0
KARNATAKA,Gulbarga,2566326.0,1301755.0,1264571.0,0,828359.0,599009.0,400704.0,199303.0,0,1570719.0,604665.0,388935.0,2007.0
KARNATAKA,Yadgir,1174271.0,590329.0,583942.0,0,306751.0,203252.0,207787.0,55208.0,0,738451.0,267222.0,168186.0,412.0
KARNATAKA,Kolar,1536401.0,776396.0,760005.0,0,564110.0,452109.0,326567.0,151042.0,0,841499.0,419380.0,274240.0,1282.0
KARNATAKA,Chikkaballapura,1255104.0,636437.0,618667.0,0,442158.0,341064.0,315649.0,94053.0,0,666451.0,350299.0,236864.0,1490.0
KARNATAKA,Bangalore Rural,990923.0,509172.0,481751.0,0,385311.0,303438.0,231052.0,95410.0,0,535765.0,278153.0,176083.0,
KARNATAKA,Ramanagara,1082636.0,548008.0,534628.0,0,378461.0,296297.0,266950.0,84834.0,0,559082.0,297330.0,224785.0,
GOA,North Goa,818008.0,416677.0,401331.0,0,351738.0,311322.0,115859.0,209230.0,0,380926.0,260533.0,175035.0,1514.0
GOA,South Goa,640537.0,322463.0,318074.0,0,264085.0,238342.0,88620.0,162873.0,0,314480.0,194872.0,130605.0,580.0
LAKSHADWEEP,Lakshadweep,64473.0,33123.0,31350.0,0,,24530.0,5289.0,15953.0,0,33877.0,19244.0,11237.0,115.0
KERALA,Kasaragod,1307375.0,628613.0,678762.0,0,516476.0,521016.0,251641.0,166164.0,0,688763.0,369883.0,246975.0,1754.0
KERALA,Kannur,2523003.0,1181446.0,1341557.0,0,1012956.0,1125478.0,306288.0,566191.0,0,1187177.0,741984.0,588081.0,5761.0
KERALA,Wayanad,817420.0,401684.0,415736.0,0,328136.0,317449.0,266183.0,11805.0,0,412806.0,246590.0,157326.0,698.0
KERALA,Kozhikode,3086293.0,1470942.0,1615351.0,0,1266939.0,1348504.0,323793.0,666543.0,0,1487644.0,909581.0,686109.0,2959.0
KERALA,Malappuram,4112920.0,1960328.0,2152592.0,0,1597404.0,1713911.0,634543.0,522586.0,0,2406005.0,1041361.0,662311.0,3243.0
KERALA,Palakkad,2809934.0,1359478.0,,0,1122600.0,1116892.0,665899.0,228442.0,0,1395222.0,802611.0,608966.0,3135.0
KERALA,Thrissur,3121200.0,1480763.0,1640437.0,0,1282261.0,1396287.0,336748.0,715119.0,0,1394214.0,931841.0,792182.0,
KERALA,Ernakulam,3282388.0,1619557.0,1662831.0,0,1425723.0,1429953.0,369694.0,804997.0,0,1396968.0,1024720.0,858010.0,2690.0
KERALA,Idukki,1108974.0,552808.0,556166.0,0,471881.0,451129.0,391610.0,20823.0,0,494456.0,352163.0,261471.0,884.0
KERALA,Kottayam,1974551.0,968289.0,1006262.0,0,861592.0,888206.0,481967.0,196194.0,0,811653.0,596302.0,565048.0,1548.0
KERALA,Alappuzha,2127789.0,1013142.0,1114647.0,0,890552.0,962245.0,331419.0,392117.0,0,891512.0,648522.0,585591.0,2164.0
KERALA,Pathanamthitta,1197412.0,561716.0,635696.0,0,499181.0,563372.0,414992.0,57848.0,0,479207.0,346161.0,370887.0,1157.0
KERALA,Kollam,2635375.0,1246968.0,,0,1074345.0,1165928.0,523715.0,401415.0,0,1177359.0,795245.0,660965.0,1806.0
KERALA,Thiruvananthapuram,3301427.0,1581678.0,1719749.0,0,1354857.0,1430551.0,559293.0,609824.0,0,1488441.0,989238.0,820024.0,3724.0
TAMIL NADU,Thiruvallur,3728104.0,1876062.0,1852042.0,0,1495711.0,1296010.0,387237.0,732196.0,0,1925296.0,1154775.0,643614.0,4419.0
TAMIL NADU,Chennai,4646732.0,2335844.0,2310888.0,0,1968079.0,1808197.0,0.0,1314125.0,0,2271657.0,1468902.0,899279.0,6894.0
TAMIL NADU,Kancheepuram,3998252.0,2012958.0,1985294.0,0,1611461.0,1401921.0,438799.0,774705.0,0,2076492.0,1200284.0,715895.0,5581.0
TAMIL NADU,Vellore,3936331.0,1961688.0,1974643.0,0,1504355.0,1269573.0,653499.0,486801.0,0,2096113.0,1116437.0,720713.0,3068.0
TAMIL NADU,Tiruvannamalai,2464875.0,1235889.0,1228986.0,0,909803.0,717010.0,563102.0,147061.0,0,1301347.0,683904.0,477668.0,1956.0
TAMIL NADU,Viluppuram,3458873.0,1740819.0,1718054.0,0,1234479.0,961297.0,808042.0,159272.0,0,1881463.0,949892.0,624042.0,3476.0
TAMIL NADU,Salem,3482056.0,1781571.0,1700485.0,0,1285107.0,1000455.0,572813.0,597539.0,0,1737345.0,1029479.0,713294.0,1938.0
TAMIL NADU,Namakkal,1726601.0,869280.0,857321.0,0,653312.0,522819.0,370357.0,257127.0,0,817905.0,510413.0,397064.0,
TAMIL NADU,Erode,2251744.0,1129868.0,1121876.0,0,828300.0,664362.0,411286.0,432398.0,0,,701326.0,542295.0,1580.0
TAMIL NADU,The Nilgiris,735394.0,360143.0,375251.0,0,299447.0,270200.0,112126.0,151979.0,0,352516.0,231451.0,150804.0,623.0
TAMIL NADU,Dindigul,2159775.0,1080938.0,1078837.0,0,816180.0,665654.0,443818.0,269724.0,0,1065734.0,647806.0,443528.0,2707.0
TAMIL NADU,Karur,1064493.0,528184.0,536309.0,0,401726.0,325318.0,212241.0,152420.0,0,501585.0,320645.0,241843.0,420.0
TAMIL NADU,Tiruchirappalli,2722290.0,1352284.0,1370006.0,0,1087765.0,951216.0,452707.0,423020.0,0,1346661.0,797258.0,575960.0,2411.0
TAMIL NADU,Perambalur,565223.0,282157.0,283066.0,0,208011.0,167812.0,155413.0,33179.0,0,291371.0,158218.0,115151.0,483.0
TAMIL NADU,Ariyalur,754894.0,374703.0,380191.0,0,269582.0,211022.0,223955.0,30322.0,0,380484.0,216103.0,157771.0,536.0
TAMIL NADU,Cuddalore,2605914.0,1311697.0,1294217.0,0,1000322.0,814959.0,497429.0,260780.0,0,1364411.0,764669.0,473617.0,3217.0
TAMIL NADU,Nagapattinam,1616450.0,798127.0,818323.0,0,640916.0,572092.0,399016.0,118724.0,0,828444.0,,323706.0,974.0
TAMIL NADU,Thiruvarur,1264277.0,626693.0,637584.0,0,503085.0,443386.0,321331.0,86848.0,0,627880.0,377118.0,257116.0,2163.0
TAMIL NADU,Thanjavur,2405890.0,1182416.0,1223474.0,0,944264.0,846734.0,479070.0,274302.0,0,1193095.0,712017.0,499235.0,1543.0
TAMIL NADU,Pudukkottai,1618345.0,803188.0,815157.0,0,608776.0,501769.0,399712.0,104229.0,0,835853.0,470428.0,311175.0,889.0
TAMIL NADU,Sivaganga,1339101.0,,670429.0,0,526304.0,433440.0,309224.0,143193.0,0,666218.0,391356.0,280462.0,1065.0
TAMIL NADU,Madurai,3038252.0,1526475.0,1511777.0,0,1223810.0,1049620.0,417718.0,592723.0,0,1528178.0,,,2532.0
TAMIL NADU,Theni,1245899.0,625683.0,620216.0,0,479403.0,390677.0,189328.0,221295.0,0,618923.0,373564.0,252267.0,1145.0
TAMIL NADU,Virudhunagar,1942288.0,967709.0,974579.0,0,760375.0,638413.0,363782.0,370942.0,0,987538.0,575006.0,378174.0,1570.0
TAMIL NADU,Ramanathapuram,1353445.0,682658.0,670787.0,0,536487.0,442459.0,290478.0,126761.0,0,708322.0,389764.0,,
TAMIL NADU,Thoothukkudi,1750176.0,865021.0,885155.0,0,703106.0,646591.0,,300661.0,0,887717.0,499377.0,361374.0,1708.0
TAMIL NADU,Tirunelveli,3077233.0,1520912.0,1556321.0,0,1210710.0,1062747.0,547962.0,516705.0,0,1554277.0,876129.0,644563.0,2264.0
TAMIL NADU,Kanniyakumari,1870374.0,926345.0,944029.0,0,780541.0,768197.0,104253.0,493788.0,0,887052.0,556548.0,425849.0,925.0
TAMIL NADU,Dharmapuri,1506843.0,774303.0,732540.0,0,527599.0,390110.0,396819.0,91107.0,0,804186.0,434328.0,267536.0,793.0
TAMIL NADU,Krishnagiri,1879809.0,960232.0,919577.0,0,667062.0,520896.0,437988.0,142552.0,0,1034474.0,,311238.0,914.0
TAMIL NADU,Coimbatore,3458045.0,,1728748.0,0,1394790.0,1241117.0,284795.0,,0,1579517.0,1117221.0,,3569.0
TAMIL NADU,Tiruppur,2479052.0,1246159.0,1232893.0,0,959623.0,800943.0,356886.0,538022.0,0,1177987.0,794639.0,504674.0,
PUDUCHERRY,Yanam,55626.0,27301.0,28325.0,0,19919.0,19355.0,0.0,15519.0,0,31973.0,15235.0,8402.0,16.0
PUDUCHERRY,PONDICHERRY,950289.0,468258.0,482031.0,0,380946.0,345703.0,87296.0,203741.0,0,473705.0,299746.0,176204.0,634.0
PUDUCHERRY,Mahe,41816.0,19143.0,22673.0,0,16610.0,19860.0,0.0,12110.0,0,19760.0,,9428.0,85.0
PUDUCHERRY,Karaikal,200222.0,97809.0,102413.0,0,79903.0,75013.0,35618.0,33715.0,0,,60089.0,,366.0
ANDAMAN AND NICOBAR ISLANDS,Nicobars,36842.0,20727.0,,0,15397.0,9935.0,15958.0,0.0,0,18786.0,12088.0,5922.0,46.0
ANDAMAN AND NICOBAR ISLANDS,North  AND Middle Andaman,105597.0,54861.0,50736.0,0,43186.0,35497.0,39091.0,1094.0,0,57350.0,30741.0,17464.0,42.0
ANDAMAN AND NICOBAR ISLANDS,South Andaman,238142.0,127283.0,110859.0,0,105794.0,84472.0,34901.0,50631.0,0,128402.0,76332.0,33128.0,280.0
